MemoY (Hex),Owner,Data Name,Data Format,Explanation,Device,Code_Property,Modbus_Register,,,,,,,,MemoY Type _ 1,MemoY Address,
Y0000,AGVS,To EQ Up,Boolean,5.2.2 Status Download by AGVS,PORT1,To_EQ_Up,16,STK,,,,,,,Y,0,Y0000
Y0001,AGVS,To EQ Low,Boolean,5.2.2 Status Download by AGVS,PORT1,To_EQ_Low,17,STK,,,,,,,Y,1,Y0001
Y0002,AGVS,CMD reserve Up,Boolean,5.2.2 Status Download by AGVS,PORT1,CMD_reserve_Up,18,STK,,,,,,,Y,2,Y0002
Y0003,AGVS,CMD reserve Low,Boolean,5.2.2 Status Download by AGVS,PORT1,CMD_reserve_Low,19,STK,,,,,,,Y,3,Y0003
Y0004,AGVS,HOST_MODE,Boolean,5.2.2 Status Download by AGVS,PORT1,HOST_MODE,,STK,,,,,,,Y,4,Y0004
Y0005,AGVS,,Boolean,,,,,,,,,,,,Y,5,Y0005
Y0006,AGVS,,Boolean,,,,,,,,,,,,Y,6,Y0006
Y0007,AGVS,,Boolean,,,,,,,,,,,,Y,7,Y0007
Y0008,AGVS,,Boolean,,,,,,,,,,,,Y,8,Y0008
Y0009,AGVS,,Boolean,,,,,,,,,,,,Y,9,Y0009
Y000A,AGVS,,Boolean,,,,,,,,,,,,Y,10,Y000A
Y000B,AGVS,,Boolean,,,,,,,,,,,,Y,11,Y000B
Y000C,AGVS,,Boolean,,,,,,,,,,,,Y,12,Y000C
Y000D,AGVS,,Boolean,,,,,,,,,,,,Y,13,Y000D
Y000E,AGVS,,Boolean,,,,,,,,,,,,Y,14,Y000E
Y000F,AGVS,,Boolean,,,,,,,,,,,,Y,15,Y000F
Y0010,AGVS,To EQ Up,Boolean,5.2.2 Status Download by AGVS,PORT2,To_EQ_Up,16,STK,,,,,,,Y,16,Y0010
Y0011,AGVS,To EQ Low,Boolean,5.2.2 Status Download by AGVS,PORT2,To_EQ_Low,17,STK,,,,,,,Y,17,Y0011
Y0012,AGVS,CMD reserve Up,Boolean,5.2.2 Status Download by AGVS,PORT2,CMD_reserve_Up,18,STK,,,,,,,Y,18,Y0012
Y0013,AGVS,CMD reserve Low,Boolean,5.2.2 Status Download by AGVS,PORT2,CMD_reserve_Low,19,STK,,,,,,,Y,19,Y0013
Y0014,AGVS,HOST_MODE,Boolean,5.2.2 Status Download by AGVS,PORT2,HOST_MODE,,STK,,,,,,,Y,20,Y0014
Y0015,AGVS,,Boolean,,,,,,,,,,,,Y,21,Y0015
Y0016,AGVS,,Boolean,,,,,,,,,,,,Y,22,Y0016
Y0017,AGVS,,Boolean,,,,,,,,,,,,Y,23,Y0017
Y0018,AGVS,,Boolean,,,,,,,,,,,,Y,24,Y0018
Y0019,AGVS,,Boolean,,,,,,,,,,,,Y,25,Y0019
Y001A,AGVS,,Boolean,,,,,,,,,,,,Y,26,Y001A
Y001B,AGVS,,Boolean,,,,,,,,,,,,Y,27,Y001B
Y001C,AGVS,,Boolean,,,,,,,,,,,,Y,28,Y001C
Y001D,AGVS,,Boolean,,,,,,,,,,,,Y,29,Y001D
Y001E,AGVS,,Boolean,,,,,,,,,,,,Y,30,Y001E
Y001F,AGVS,,Boolean,,,,,,,,,,,,Y,31,Y001F
Y0020,AGVS,To EQ Up,Boolean,5.2.2 Status Download by AGVS,PORT1,To_EQ_Up,16,QV,,,,,,,Y,32,Y0020
Y0021,AGVS,To EQ Low,Boolean,5.2.2 Status Download by AGVS,PORT1,To_EQ_Low,17,QV,,,,,,,Y,33,Y0021
Y0022,AGVS,CMD reserve Up,Boolean,5.2.2 Status Download by AGVS,PORT1,CMD_reserve_Up,18,QV,,,,,,,Y,34,Y0022
Y0023,AGVS,CMD reserve Low,Boolean,5.2.2 Status Download by AGVS,PORT1,CMD_reserve_Low,19,QV,,,,,,,Y,35,Y0023
Y0024,AGVS,,Boolean,,,,,,,,,,,,Y,36,Y0024
Y0025,AGVS,,Boolean,,,,,,,,,,,,Y,37,Y0025
Y0026,AGVS,,Boolean,,,,,,,,,,,,Y,38,Y0026
Y0027,AGVS,,Boolean,,,,,,,,,,,,Y,39,Y0027
Y0028,AGVS,,Boolean,,,,,,,,,,,,Y,40,Y0028
Y0029,AGVS,,Boolean,,,,,,,,,,,,Y,41,Y0029
Y002A,AGVS,,Boolean,,,,,,,,,,,,Y,42,Y002A
Y002B,AGVS,,Boolean,,,,,,,,,,,,Y,43,Y002B
Y002C,AGVS,,Boolean,,,,,,,,,,,,Y,44,Y002C
Y002D,AGVS,,Boolean,,,,,,,,,,,,Y,45,Y002D
Y002E,AGVS,,Boolean,,,,,,,,,,,,Y,46,Y002E
Y002F,AGVS,,Boolean,,,,,,,,,,,,Y,47,Y002F
Y0030,AGVS,To EQ Up,Boolean,5.2.2 Status Download by AGVS,PORT2,To_EQ_Up,16,QV,,,,,,,Y,48,Y0030
Y0031,AGVS,To EQ Low,Boolean,5.2.2 Status Download by AGVS,PORT2,To_EQ_Low,17,QV,,,,,,,Y,49,Y0031
Y0032,AGVS,CMD reserve Up,Boolean,5.2.2 Status Download by AGVS,PORT2,CMD_reserve_Up,18,QV,,,,,,,Y,50,Y0032
Y0033,AGVS,CMD reserve Low,Boolean,5.2.2 Status Download by AGVS,PORT2,CMD_reserve_Low,19,QV,,,,,,,Y,51,Y0033
Y0034,AGVS,,Boolean,,,,,,,,,,,,Y,52,Y0034
Y0035,AGVS,,Boolean,,,,,,,,,,,,Y,53,Y0035
Y0036,AGVS,,Boolean,,,,,,,,,,,,Y,54,Y0036
Y0037,AGVS,,Boolean,,,,,,,,,,,,Y,55,Y0037
Y0038,AGVS,,Boolean,,,,,,,,,,,,Y,56,Y0038
Y0039,AGVS,,Boolean,,,,,,,,,,,,Y,57,Y0039
Y003A,AGVS,,Boolean,,,,,,,,,,,,Y,58,Y003A
Y003B,AGVS,,Boolean,,,,,,,,,,,,Y,59,Y003B
Y003C,AGVS,,Boolean,,,,,,,,,,,,Y,60,Y003C
Y003D,AGVS,,Boolean,,,,,,,,,,,,Y,61,Y003D
Y003E,AGVS,,Boolean,,,,,,,,,,,,Y,62,Y003E
Y003F,AGVS,,Boolean,,,,,,,,,,,,Y,63,Y003F
Y0040,AGVS,To EQ Up,Boolean,5.2.2 Status Download by AGVS,PORT1,To_EQ_Up,16,AOI_1,,,,,,,Y,64,Y0040
Y0041,AGVS,To EQ Low,Boolean,5.2.2 Status Download by AGVS,PORT1,To_EQ_Low,17,AOI_1,,,,,,,Y,65,Y0041
Y0042,AGVS,CMD reserve Up,Boolean,5.2.2 Status Download by AGVS,PORT1,CMD_reserve_Up,18,AOI_1,,,,,,,Y,66,Y0042
Y0043,AGVS,CMD reserve Low,Boolean,5.2.2 Status Download by AGVS,PORT1,CMD_reserve_Low,19,AOI_1,,,,,,,Y,67,Y0043
Y0044,AGVS,,Boolean,,,,,,,,,,,,Y,68,Y0044
Y0045,AGVS,,Boolean,,,,,,,,,,,,Y,69,Y0045
Y0046,AGVS,,Boolean,,,,,,,,,,,,Y,70,Y0046
Y0047,AGVS,,Boolean,,,,,,,,,,,,Y,71,Y0047
Y0048,AGVS,,Boolean,,,,,,,,,,,,Y,72,Y0048
Y0049,AGVS,,Boolean,,,,,,,,,,,,Y,73,Y0049
Y004A,AGVS,,Boolean,,,,,,,,,,,,Y,74,Y004A
Y004B,AGVS,,Boolean,,,,,,,,,,,,Y,75,Y004B
Y004C,AGVS,,Boolean,,,,,,,,,,,,Y,76,Y004C
Y004D,AGVS,,Boolean,,,,,,,,,,,,Y,77,Y004D
Y004E,AGVS,,Boolean,,,,,,,,,,,,Y,78,Y004E
Y004F,AGVS,,Boolean,,,,,,,,,,,,Y,79,Y004F
Y0050,AGVS,To EQ Up,Boolean,5.2.2 Status Download by AGVS,PORT2,To_EQ_Up,16,AOI_1,,,,,,,Y,80,Y0050
Y0051,AGVS,To EQ Low,Boolean,5.2.2 Status Download by AGVS,PORT2,To_EQ_Low,17,AOI_1,,,,,,,Y,81,Y0051
Y0052,AGVS,CMD reserve Up,Boolean,5.2.2 Status Download by AGVS,PORT2,CMD_reserve_Up,18,AOI_1,,,,,,,Y,82,Y0052
Y0053,AGVS,CMD reserve Low,Boolean,5.2.2 Status Download by AGVS,PORT2,CMD_reserve_Low,19,AOI_1,,,,,,,Y,83,Y0053
Y0054,AGVS,,Boolean,,,,,,,,,,,,Y,84,Y0054
Y0055,AGVS,,Boolean,,,,,,,,,,,,Y,85,Y0055
Y0056,AGVS,,Boolean,,,,,,,,,,,,Y,86,Y0056
Y0057,AGVS,,Boolean,,,,,,,,,,,,Y,87,Y0057
Y0058,AGVS,,Boolean,,,,,,,,,,,,Y,88,Y0058
Y0059,AGVS,,Boolean,,,,,,,,,,,,Y,89,Y0059
Y005A,AGVS,,Boolean,,,,,,,,,,,,Y,90,Y005A
Y005B,AGVS,,Boolean,,,,,,,,,,,,Y,91,Y005B
Y005C,AGVS,,Boolean,,,,,,,,,,,,Y,92,Y005C
Y005D,AGVS,,Boolean,,,,,,,,,,,,Y,93,Y005D
Y005E,AGVS,,Boolean,,,,,,,,,,,,Y,94,Y005E
Y005F,AGVS,,Boolean,,,,,,,,,,,,Y,95,Y005F
Y0060,AGVS,To EQ Up,Boolean,5.2.2 Status Download by AGVS,PORT1,To_EQ_Up,16,AOI_2,,,,,,,Y,96,Y0060
Y0061,AGVS,To EQ Low,Boolean,5.2.2 Status Download by AGVS,PORT1,To_EQ_Low,17,AOI_2,,,,,,,Y,97,Y0061
Y0062,AGVS,CMD reserve Up,Boolean,5.2.2 Status Download by AGVS,PORT1,CMD_reserve_Up,18,AOI_2,,,,,,,Y,98,Y0062
Y0063,AGVS,CMD reserve Low,Boolean,5.2.2 Status Download by AGVS,PORT1,CMD_reserve_Low,19,AOI_2,,,,,,,Y,99,Y0063
Y0064,AGVS,,Boolean,,,,,,,,,,,,Y,100,Y0064
Y0065,AGVS,,Boolean,,,,,,,,,,,,Y,101,Y0065
Y0066,AGVS,,Boolean,,,,,,,,,,,,Y,102,Y0066
Y0067,AGVS,,Boolean,,,,,,,,,,,,Y,103,Y0067
Y0068,AGVS,,Boolean,,,,,,,,,,,,Y,104,Y0068
Y0069,AGVS,,Boolean,,,,,,,,,,,,Y,105,Y0069
Y006A,AGVS,,Boolean,,,,,,,,,,,,Y,106,Y006A
Y006B,AGVS,,Boolean,,,,,,,,,,,,Y,107,Y006B
Y006C,AGVS,,Boolean,,,,,,,,,,,,Y,108,Y006C
Y006D,AGVS,,Boolean,,,,,,,,,,,,Y,109,Y006D
Y006E,AGVS,,Boolean,,,,,,,,,,,,Y,110,Y006E
Y006F,AGVS,,Boolean,,,,,,,,,,,,Y,111,Y006F
Y0070,AGVS,To EQ Up,Boolean,5.2.2 Status Download by AGVS,PORT2,To_EQ_Up,16,AOI_2,,,,,,,Y,112,Y0070
Y0071,AGVS,To EQ Low,Boolean,5.2.2 Status Download by AGVS,PORT2,To_EQ_Low,17,AOI_2,,,,,,,Y,113,Y0071
Y0072,AGVS,CMD reserve Up,Boolean,5.2.2 Status Download by AGVS,PORT2,CMD_reserve_Up,18,AOI_2,,,,,,,Y,114,Y0072
Y0073,AGVS,CMD reserve Low,Boolean,5.2.2 Status Download by AGVS,PORT2,CMD_reserve_Low,19,AOI_2,,,,,,,Y,115,Y0073
Y0074,AGVS,,Boolean,,,,,,,,,,,,Y,116,Y0074
Y0075,AGVS,,Boolean,,,,,,,,,,,,Y,117,Y0075
Y0076,AGVS,,Boolean,,,,,,,,,,,,Y,118,Y0076
Y0077,AGVS,,Boolean,,,,,,,,,,,,Y,119,Y0077
Y0078,AGVS,,Boolean,,,,,,,,,,,,Y,120,Y0078
Y0079,AGVS,,Boolean,,,,,,,,,,,,Y,121,Y0079
Y007A,AGVS,,Boolean,,,,,,,,,,,,Y,122,Y007A
Y007B,AGVS,,Boolean,,,,,,,,,,,,Y,123,Y007B
Y007C,AGVS,,Boolean,,,,,,,,,,,,Y,124,Y007C
Y007D,AGVS,,Boolean,,,,,,,,,,,,Y,125,Y007D
Y007E,AGVS,,Boolean,,,,,,,,,,,,Y,126,Y007E
Y007F,AGVS,,Boolean,,,,,,,,,,,,Y,127,Y007F
Y0080,AGVS,To EQ Up,Boolean,5.2.2 Status Download by AGVS,PORT1,To_EQ_Up,16,AOI_3,,,,,,,Y,128,Y0080
Y0081,AGVS,To EQ Low,Boolean,5.2.2 Status Download by AGVS,PORT1,To_EQ_Low,17,AOI_3,,,,,,,Y,129,Y0081
Y0082,AGVS,CMD reserve Up,Boolean,5.2.2 Status Download by AGVS,PORT1,CMD_reserve_Up,18,AOI_3,,,,,,,Y,130,Y0082
Y0083,AGVS,CMD reserve Low,Boolean,5.2.2 Status Download by AGVS,PORT1,CMD_reserve_Low,19,AOI_3,,,,,,,Y,131,Y0083
Y0084,AGVS,,Boolean,,,,,,,,,,,,Y,132,Y0084
Y0085,AGVS,,Boolean,,,,,,,,,,,,Y,133,Y0085
Y0086,AGVS,,Boolean,,,,,,,,,,,,Y,134,Y0086
Y0087,AGVS,,Boolean,,,,,,,,,,,,Y,135,Y0087
Y0088,AGVS,,Boolean,,,,,,,,,,,,Y,136,Y0088
Y0089,AGVS,,Boolean,,,,,,,,,,,,Y,137,Y0089
Y008A,AGVS,,Boolean,,,,,,,,,,,,Y,138,Y008A
Y008B,AGVS,,Boolean,,,,,,,,,,,,Y,139,Y008B
Y008C,AGVS,,Boolean,,,,,,,,,,,,Y,140,Y008C
Y008D,AGVS,,Boolean,,,,,,,,,,,,Y,141,Y008D
Y008E,AGVS,,Boolean,,,,,,,,,,,,Y,142,Y008E
Y008F,AGVS,,Boolean,,,,,,,,,,,,Y,143,Y008F
Y0090,AGVS,To EQ Up,Boolean,5.2.2 Status Download by AGVS,PORT2,To_EQ_Up,16,AOI_3,,,,,,,Y,144,Y0090
Y0091,AGVS,To EQ Low,Boolean,5.2.2 Status Download by AGVS,PORT2,To_EQ_Low,17,AOI_3,,,,,,,Y,145,Y0091
Y0092,AGVS,CMD reserve Up,Boolean,5.2.2 Status Download by AGVS,PORT2,CMD_reserve_Up,18,AOI_3,,,,,,,Y,146,Y0092
Y0093,AGVS,CMD reserve Low,Boolean,5.2.2 Status Download by AGVS,PORT2,CMD_reserve_Low,19,AOI_3,,,,,,,Y,147,Y0093
Y0094,AGVS,,Boolean,,,,,,,,,,,,Y,148,Y0094
Y0095,AGVS,,Boolean,,,,,,,,,,,,Y,149,Y0095
Y0096,AGVS,,Boolean,,,,,,,,,,,,Y,150,Y0096
Y0097,AGVS,,Boolean,,,,,,,,,,,,Y,151,Y0097
Y0098,AGVS,,Boolean,,,,,,,,,,,,Y,152,Y0098
Y0099,AGVS,,Boolean,,,,,,,,,,,,Y,153,Y0099
Y009A,AGVS,,Boolean,,,,,,,,,,,,Y,154,Y009A
Y009B,AGVS,,Boolean,,,,,,,,,,,,Y,155,Y009B
Y009C,AGVS,,Boolean,,,,,,,,,,,,Y,156,Y009C
Y009D,AGVS,,Boolean,,,,,,,,,,,,Y,157,Y009D
Y009E,AGVS,,Boolean,,,,,,,,,,,,Y,158,Y009E
Y009F,AGVS,,Boolean,,,,,,,,,,,,Y,159,Y009F
Y00A0,AGVS,To EQ Up,Boolean,5.2.2 Status Download by AGVS,PORT1,To_EQ_Up,16,AOI_4,,,,,,,Y,160,Y00A0
Y00A1,AGVS,To EQ Low,Boolean,5.2.2 Status Download by AGVS,PORT1,To_EQ_Low,17,AOI_4,,,,,,,Y,161,Y00A1
Y00A2,AGVS,CMD reserve Up,Boolean,5.2.2 Status Download by AGVS,PORT1,CMD_reserve_Up,18,AOI_4,,,,,,,Y,162,Y00A2
Y00A3,AGVS,CMD reserve Low,Boolean,5.2.2 Status Download by AGVS,PORT1,CMD_reserve_Low,19,AOI_4,,,,,,,Y,163,Y00A3
Y00A4,AGVS,,Boolean,,,,,,,,,,,,Y,164,Y00A4
Y00A5,AGVS,,Boolean,,,,,,,,,,,,Y,165,Y00A5
Y00A6,AGVS,,Boolean,,,,,,,,,,,,Y,166,Y00A6
Y00A7,AGVS,,Boolean,,,,,,,,,,,,Y,167,Y00A7
Y00A8,AGVS,,Boolean,,,,,,,,,,,,Y,168,Y00A8
Y00A9,AGVS,,Boolean,,,,,,,,,,,,Y,169,Y00A9
Y00AA,AGVS,,Boolean,,,,,,,,,,,,Y,170,Y00AA
Y00AB,AGVS,,Boolean,,,,,,,,,,,,Y,171,Y00AB
Y00AC,AGVS,,Boolean,,,,,,,,,,,,Y,172,Y00AC
Y00AD,AGVS,,Boolean,,,,,,,,,,,,Y,173,Y00AD
Y00AE,AGVS,,Boolean,,,,,,,,,,,,Y,174,Y00AE
Y00AF,AGVS,,Boolean,,,,,,,,,,,,Y,175,Y00AF
Y00B0,AGVS,To EQ Up,Boolean,5.2.2 Status Download by AGVS,PORT2,To_EQ_Up,16,AOI_4,,,,,,,Y,176,Y00B0
Y00B1,AGVS,To EQ Low,Boolean,5.2.2 Status Download by AGVS,PORT2,To_EQ_Low,17,AOI_4,,,,,,,Y,177,Y00B1
Y00B2,AGVS,CMD reserve Up,Boolean,5.2.2 Status Download by AGVS,PORT2,CMD_reserve_Up,18,AOI_4,,,,,,,Y,178,Y00B2
Y00B3,AGVS,CMD reserve Low,Boolean,5.2.2 Status Download by AGVS,PORT2,CMD_reserve_Low,19,AOI_4,,,,,,,Y,179,Y00B3
Y00B4,AGVS,,Boolean,,,,,,,,,,,,Y,180,Y00B4
Y00B5,AGVS,,Boolean,,,,,,,,,,,,Y,181,Y00B5
Y00B6,AGVS,,Boolean,,,,,,,,,,,,Y,182,Y00B6
Y00B7,AGVS,,Boolean,,,,,,,,,,,,Y,183,Y00B7
Y00B8,AGVS,,Boolean,,,,,,,,,,,,Y,184,Y00B8
Y00B9,AGVS,,Boolean,,,,,,,,,,,,Y,185,Y00B9
Y00BA,AGVS,,Boolean,,,,,,,,,,,,Y,186,Y00BA
Y00BB,AGVS,,Boolean,,,,,,,,,,,,Y,187,Y00BB
Y00BC,AGVS,,Boolean,,,,,,,,,,,,Y,188,Y00BC
Y00BD,AGVS,,Boolean,,,,,,,,,,,,Y,189,Y00BD
Y00BE,AGVS,,Boolean,,,,,,,,,,,,Y,190,Y00BE
Y00BF,AGVS,,Boolean,,,,,,,,,,,,Y,191,Y00BF
Y00C0,AGVS,To EQ Up,Boolean,5.2.2 Status Download by AGVS,PORT1,To_EQ_Up,16,AOS_1,,,,,,,Y,192,Y00C0
Y00C1,AGVS,To EQ Low,Boolean,5.2.2 Status Download by AGVS,PORT1,To_EQ_Low,17,AOS_1,,,,,,,Y,193,Y00C1
Y00C2,AGVS,CMD reserve Up,Boolean,5.2.2 Status Download by AGVS,PORT1,CMD_reserve_Up,18,AOS_1,,,,,,,Y,194,Y00C2
Y00C3,AGVS,CMD reserve Low,Boolean,5.2.2 Status Download by AGVS,PORT1,CMD_reserve_Low,19,AOS_1,,,,,,,Y,195,Y00C3
Y00C4,AGVS,,Boolean,,,,,,,,,,,,Y,196,Y00C4
Y00C5,AGVS,,Boolean,,,,,,,,,,,,Y,197,Y00C5
Y00C6,AGVS,,Boolean,,,,,,,,,,,,Y,198,Y00C6
Y00C7,AGVS,,Boolean,,,,,,,,,,,,Y,199,Y00C7
Y00C8,AGVS,,Boolean,,,,,,,,,,,,Y,200,Y00C8
Y00C9,AGVS,,Boolean,,,,,,,,,,,,Y,201,Y00C9
Y00CA,AGVS,,Boolean,,,,,,,,,,,,Y,202,Y00CA
Y00CB,AGVS,,Boolean,,,,,,,,,,,,Y,203,Y00CB
Y00CC,AGVS,,Boolean,,,,,,,,,,,,Y,204,Y00CC
Y00CD,AGVS,,Boolean,,,,,,,,,,,,Y,205,Y00CD
Y00CE,AGVS,,Boolean,,,,,,,,,,,,Y,206,Y00CE
Y00CF,AGVS,,Boolean,,,,,,,,,,,,Y,207,Y00CF
Y00D0,AGVS,To EQ Up,Boolean,5.2.2 Status Download by AGVS,PORT2,To_EQ_Up,16,AOS_1,,,,,,,Y,208,Y00D0
Y00D1,AGVS,To EQ Low,Boolean,5.2.2 Status Download by AGVS,PORT2,To_EQ_Low,17,AOS_1,,,,,,,Y,209,Y00D1
Y00D2,AGVS,CMD reserve Up,Boolean,5.2.2 Status Download by AGVS,PORT2,CMD_reserve_Up,18,AOS_1,,,,,,,Y,210,Y00D2
Y00D3,AGVS,CMD reserve Low,Boolean,5.2.2 Status Download by AGVS,PORT2,CMD_reserve_Low,19,AOS_1,,,,,,,Y,211,Y00D3
Y00D4,AGVS,,Boolean,,,,,,,,,,,,Y,212,Y00D4
Y00D5,AGVS,,Boolean,,,,,,,,,,,,Y,213,Y00D5
Y00D6,AGVS,,Boolean,,,,,,,,,,,,Y,214,Y00D6
Y00D7,AGVS,,Boolean,,,,,,,,,,,,Y,215,Y00D7
Y00D8,AGVS,,Boolean,,,,,,,,,,,,Y,216,Y00D8
Y00D9,AGVS,,Boolean,,,,,,,,,,,,Y,217,Y00D9
Y00DA,AGVS,,Boolean,,,,,,,,,,,,Y,218,Y00DA
Y00DB,AGVS,,Boolean,,,,,,,,,,,,Y,219,Y00DB
Y00DC,AGVS,,Boolean,,,,,,,,,,,,Y,220,Y00DC
Y00DD,AGVS,,Boolean,,,,,,,,,,,,Y,221,Y00DD
Y00DE,AGVS,,Boolean,,,,,,,,,,,,Y,222,Y00DE
Y00DF,AGVS,,Boolean,,,,,,,,,,,,Y,223,Y00DF
Y00E0,AGVS,To EQ Up,Boolean,5.2.2 Status Download by AGVS,PORT1,To_EQ_Up,16,AOS_2,,,,,,,Y,224,Y00E0
Y00E1,AGVS,To EQ Low,Boolean,5.2.2 Status Download by AGVS,PORT1,To_EQ_Low,17,AOS_2,,,,,,,Y,225,Y00E1
Y00E2,AGVS,CMD reserve Up,Boolean,5.2.2 Status Download by AGVS,PORT1,CMD_reserve_Up,18,AOS_2,,,,,,,Y,226,Y00E2
Y00E3,AGVS,CMD reserve Low,Boolean,5.2.2 Status Download by AGVS,PORT1,CMD_reserve_Low,19,AOS_2,,,,,,,Y,227,Y00E3
Y00E4,AGVS,,Boolean,,,,,,,,,,,,Y,228,Y00E4
Y00E5,AGVS,,Boolean,,,,,,,,,,,,Y,229,Y00E5
Y00E6,AGVS,,Boolean,,,,,,,,,,,,Y,230,Y00E6
Y00E7,AGVS,,Boolean,,,,,,,,,,,,Y,231,Y00E7
Y00E8,AGVS,,Boolean,,,,,,,,,,,,Y,232,Y00E8
Y00E9,AGVS,,Boolean,,,,,,,,,,,,Y,233,Y00E9
Y00EA,AGVS,,Boolean,,,,,,,,,,,,Y,234,Y00EA
Y00EB,AGVS,,Boolean,,,,,,,,,,,,Y,235,Y00EB
Y00EC,AGVS,,Boolean,,,,,,,,,,,,Y,236,Y00EC
Y00ED,AGVS,,Boolean,,,,,,,,,,,,Y,237,Y00ED
Y00EE,AGVS,,Boolean,,,,,,,,,,,,Y,238,Y00EE
Y00EF,AGVS,,Boolean,,,,,,,,,,,,Y,239,Y00EF
Y00F0,AGVS,To EQ Up,Boolean,5.2.2 Status Download by AGVS,PORT2,To_EQ_Up,16,AOS_2,,,,,,,Y,240,Y00F0
Y00F1,AGVS,To EQ Low,Boolean,5.2.2 Status Download by AGVS,PORT2,To_EQ_Low,17,AOS_2,,,,,,,Y,241,Y00F1
Y00F2,AGVS,CMD reserve Up,Boolean,5.2.2 Status Download by AGVS,PORT2,CMD_reserve_Up,18,AOS_2,,,,,,,Y,242,Y00F2
Y00F3,AGVS,CMD reserve Low,Boolean,5.2.2 Status Download by AGVS,PORT2,CMD_reserve_Low,19,AOS_2,,,,,,,Y,243,Y00F3
Y00F4,AGVS,,Boolean,,,,,,,,,,,,Y,244,Y00F4
Y00F5,AGVS,,Boolean,,,,,,,,,,,,Y,245,Y00F5
Y00F6,AGVS,,Boolean,,,,,,,,,,,,Y,246,Y00F6
Y00F7,AGVS,,Boolean,,,,,,,,,,,,Y,247,Y00F7
Y00F8,AGVS,,Boolean,,,,,,,,,,,,Y,248,Y00F8
Y00F9,AGVS,,Boolean,,,,,,,,,,,,Y,249,Y00F9
Y00FA,AGVS,,Boolean,,,,,,,,,,,,Y,250,Y00FA
Y00FB,AGVS,,Boolean,,,,,,,,,,,,Y,251,Y00FB
Y00FC,AGVS,,Boolean,,,,,,,,,,,,Y,252,Y00FC
Y00FD,AGVS,,Boolean,,,,,,,,,,,,Y,253,Y00FD
Y00FE,AGVS,,Boolean,,,,,,,,,,,,Y,254,Y00FE
Y00FF,AGVS,,Boolean,,,,,,,,,,,,Y,255,Y00FF
Y0100,AGVS,To EQ Up,Boolean,5.2.2 Status Download by AGVS,PORT1,To_EQ_Up,16,AOS_3,,,,,,,Y,256,Y0100
Y0101,AGVS,To EQ Low,Boolean,5.2.2 Status Download by AGVS,PORT1,To_EQ_Low,17,AOS_3,,,,,,,Y,257,Y0101
Y0102,AGVS,CMD reserve Up,Boolean,5.2.2 Status Download by AGVS,PORT1,CMD_reserve_Up,18,AOS_3,,,,,,,Y,258,Y0102
Y0103,AGVS,CMD reserve Low,Boolean,5.2.2 Status Download by AGVS,PORT1,CMD_reserve_Low,19,AOS_3,,,,,,,Y,259,Y0103
Y0104,AGVS,,Boolean,,,,,,,,,,,,Y,260,Y0104
Y0105,AGVS,,Boolean,,,,,,,,,,,,Y,261,Y0105
Y0106,AGVS,,Boolean,,,,,,,,,,,,Y,262,Y0106
Y0107,AGVS,,Boolean,,,,,,,,,,,,Y,263,Y0107
Y0108,AGVS,,Boolean,,,,,,,,,,,,Y,264,Y0108
Y0109,AGVS,,Boolean,,,,,,,,,,,,Y,265,Y0109
Y010A,AGVS,,Boolean,,,,,,,,,,,,Y,266,Y010A
Y010B,AGVS,,Boolean,,,,,,,,,,,,Y,267,Y010B
Y010C,AGVS,,Boolean,,,,,,,,,,,,Y,268,Y010C
Y010D,AGVS,,Boolean,,,,,,,,,,,,Y,269,Y010D
Y010E,AGVS,,Boolean,,,,,,,,,,,,Y,270,Y010E
Y010F,AGVS,,Boolean,,,,,,,,,,,,Y,271,Y010F
Y0110,AGVS,To EQ Up,Boolean,5.2.2 Status Download by AGVS,PORT2,To_EQ_Up,16,AOS_3,,,,,,,Y,272,Y0110
Y0111,AGVS,To EQ Low,Boolean,5.2.2 Status Download by AGVS,PORT2,To_EQ_Low,17,AOS_3,,,,,,,Y,273,Y0111
Y0112,AGVS,CMD reserve Up,Boolean,5.2.2 Status Download by AGVS,PORT2,CMD_reserve_Up,18,AOS_3,,,,,,,Y,274,Y0112
Y0113,AGVS,CMD reserve Low,Boolean,5.2.2 Status Download by AGVS,PORT2,CMD_reserve_Low,19,AOS_3,,,,,,,Y,275,Y0113
Y0114,AGVS,,Boolean,,,,,,,,,,,,Y,276,Y0114
Y0115,AGVS,,Boolean,,,,,,,,,,,,Y,277,Y0115
Y0116,AGVS,,Boolean,,,,,,,,,,,,Y,278,Y0116
Y0117,AGVS,,Boolean,,,,,,,,,,,,Y,279,Y0117
Y0118,AGVS,,Boolean,,,,,,,,,,,,Y,280,Y0118
Y0119,AGVS,,Boolean,,,,,,,,,,,,Y,281,Y0119
Y011A,AGVS,,Boolean,,,,,,,,,,,,Y,282,Y011A
Y011B,AGVS,,Boolean,,,,,,,,,,,,Y,283,Y011B
Y011C,AGVS,,Boolean,,,,,,,,,,,,Y,284,Y011C
Y011D,AGVS,,Boolean,,,,,,,,,,,,Y,285,Y011D
Y011E,AGVS,,Boolean,,,,,,,,,,,,Y,286,Y011E
Y011F,AGVS,,Boolean,,,,,,,,,,,,Y,287,Y011F
Y0120,AGVS,To EQ Up,Boolean,5.2.2 Status Download by AGVS,PORT1,To_EQ_Up,16,AOS_4,,,,,,,Y,288,Y0120
Y0121,AGVS,To EQ Low,Boolean,5.2.2 Status Download by AGVS,PORT1,To_EQ_Low,17,AOS_4,,,,,,,Y,289,Y0121
Y0122,AGVS,CMD reserve Up,Boolean,5.2.2 Status Download by AGVS,PORT1,CMD_reserve_Up,18,AOS_4,,,,,,,Y,290,Y0122
Y0123,AGVS,CMD reserve Low,Boolean,5.2.2 Status Download by AGVS,PORT1,CMD_reserve_Low,19,AOS_4,,,,,,,Y,291,Y0123
Y0124,AGVS,,Boolean,,,,,,,,,,,,Y,292,Y0124
Y0125,AGVS,,Boolean,,,,,,,,,,,,Y,293,Y0125
Y0126,AGVS,,Boolean,,,,,,,,,,,,Y,294,Y0126
Y0127,AGVS,,Boolean,,,,,,,,,,,,Y,295,Y0127
Y0128,AGVS,,Boolean,,,,,,,,,,,,Y,296,Y0128
Y0129,AGVS,,Boolean,,,,,,,,,,,,Y,297,Y0129
Y012A,AGVS,,Boolean,,,,,,,,,,,,Y,298,Y012A
Y012B,AGVS,,Boolean,,,,,,,,,,,,Y,299,Y012B
Y012C,AGVS,,Boolean,,,,,,,,,,,,Y,300,Y012C
Y012D,AGVS,,Boolean,,,,,,,,,,,,Y,301,Y012D
Y012E,AGVS,,Boolean,,,,,,,,,,,,Y,302,Y012E
Y012F,AGVS,,Boolean,,,,,,,,,,,,Y,303,Y012F
Y0130,AGVS,To EQ Up,Boolean,5.2.2 Status Download by AGVS,PORT2,To_EQ_Up,16,AOS_4,,,,,,,Y,304,Y0130
Y0131,AGVS,To EQ Low,Boolean,5.2.2 Status Download by AGVS,PORT2,To_EQ_Low,17,AOS_4,,,,,,,Y,305,Y0131
Y0132,AGVS,CMD reserve Up,Boolean,5.2.2 Status Download by AGVS,PORT2,CMD_reserve_Up,18,AOS_4,,,,,,,Y,306,Y0132
Y0133,AGVS,CMD reserve Low,Boolean,5.2.2 Status Download by AGVS,PORT2,CMD_reserve_Low,19,AOS_4,,,,,,,Y,307,Y0133
Y0134,AGVS,,Boolean,,,,,,,,,,,,Y,308,Y0134
Y0135,AGVS,,Boolean,,,,,,,,,,,,Y,309,Y0135
Y0136,AGVS,,Boolean,,,,,,,,,,,,Y,310,Y0136
Y0137,AGVS,,Boolean,,,,,,,,,,,,Y,311,Y0137
Y0138,AGVS,,Boolean,,,,,,,,,,,,Y,312,Y0138
Y0139,AGVS,,Boolean,,,,,,,,,,,,Y,313,Y0139
Y013A,AGVS,,Boolean,,,,,,,,,,,,Y,314,Y013A
Y013B,AGVS,,Boolean,,,,,,,,,,,,Y,315,Y013B
Y013C,AGVS,,Boolean,,,,,,,,,,,,Y,316,Y013C
Y013D,AGVS,,Boolean,,,,,,,,,,,,Y,317,Y013D
Y013E,AGVS,,Boolean,,,,,,,,,,,,Y,318,Y013E
Y013F,AGVS,,Boolean,,,,,,,,,,,,Y,319,Y013F
Y0140,AGVS,,Boolean,,,,,,,,,,,,Y,320,Y0140
Y0141,AGVS,,Boolean,,,,,,,,,,,,Y,321,Y0141
Y0142,AGVS,,Boolean,,,,,,,,,,,,Y,322,Y0142
Y0143,AGVS,,Boolean,,,,,,,,,,,,Y,323,Y0143
Y0144,AGVS,,Boolean,,,,,,,,,,,,Y,324,Y0144
Y0145,AGVS,,Boolean,,,,,,,,,,,,Y,325,Y0145
Y0146,AGVS,,Boolean,,,,,,,,,,,,Y,326,Y0146
Y0147,AGVS,,Boolean,,,,,,,,,,,,Y,327,Y0147
Y0148,AGVS,,Boolean,,,,,,,,,,,,Y,328,Y0148
Y0149,AGVS,,Boolean,,,,,,,,,,,,Y,329,Y0149
Y014A,AGVS,,Boolean,,,,,,,,,,,,Y,330,Y014A
Y014B,AGVS,,Boolean,,,,,,,,,,,,Y,331,Y014B
Y014C,AGVS,Port_Mode_Change_Request,Boolean,,PORT1,Port_Mode_Change_Request,,TS_1,,,,,,,Y,332,Y014C
Y014D,AGVS,Port_Mode_Changed_Report_Reply,Boolean,,PORT1,Port_Mode_Changed_Report_Reply,,TS_1,,,,,,,Y,333,Y014D
Y014E,AGVS,Port_Disabled_Report_Reply,Boolean,,PORT1,Port_Disabled_Report_Reply,,TS_1,,,,,,,Y,334,Y014E
Y014F,AGVS,Port_Enbled_Report_Reply,Boolean,,PORT1,Port_Enbled_Report_Reply,,TS_1,,,,,,,Y,335,Y014F
Y0150,AGVS,,Boolean,,PORT1,,,TS_1,,,,,,,Y,336,Y0150
Y0151,AGVS,Carrier_WaitIn_System_Reply,Boolean,,PORT1,Carrier_WaitIn_System_Reply,,TS_1,,,,,,,Y,337,Y0151
Y0152,AGVS,Carrier_WaitIn_System_Accept,Boolean,,PORT1,Carrier_WaitIn_System_Accept,,TS_1,,,,,,,Y,338,Y0152
Y0153,AGVS,Carrier_WaitIn_System_Refuse,Boolean,,PORT1,Carrier_WaitIn_System_Refuse,,TS_1,,,,,,,Y,339,Y0153
Y0154,AGVS,Carrier_WaitOut_System_Reply,Boolean,,PORT1,Carrier_WaitOut_System_Reply,,TS_1,,,,,,,Y,340,Y0154
Y0155,AGVS,Carrier_Removed_Completed_Report_Reply,Boolean,,PORT1,Carrier_Removed_Completed_Report_Reply,,TS_1,,,,,,,Y,341,Y0155
Y0156,AGVS,Carrier_Force_In_System_Reply,Boolean,,PORT1,Carrier_Force_In_System_Reply,,TS_1,,,,,,,Y,342,Y0156
Y0157,AGVS,To_EQ_Up,Boolean,,PORT1,To_EQ_Up,24,TS_1,,,,,,,Y,343,Y0157
Y0158,AGVS,To_EQ_Low,Boolean,,PORT1,To_EQ_Low,25,TS_1,,,,,,,Y,344,Y0158
Y0159,AGVS,CMD_reserve_Up,Boolean,,PORT1,CMD_reserve_Up,26,TS_1,,,,,,,Y,345,Y0159
Y015A,AGVS,CMD_reserve_Low,Boolean,,PORT1,CMD_reserve_Low,27,TS_1,,,,,,,Y,346,Y015A
Y015B,AGVS,,Boolean,,PORT1,,,TS_1,,,,,,,Y,347,Y015B
Y015C,AGVS,,Boolean,,PORT1,,,TS_1,,,,,,,Y,348,Y015C
Y015D,AGVS,,Boolean,,PORT1,,,TS_1,,,,,,,Y,349,Y015D
Y015E,AGVS,,Boolean,,PORT1,,,TS_1,,,,,,,Y,350,Y015E
Y015F,AGVS,,Boolean,,PORT1,,,TS_1,,,,,,,Y,351,Y015F
Y0160,AGVS,,Boolean,,PORT1,,,TS_1,,,,,,,Y,352,Y0160
Y0161,AGVS,,Boolean,,PORT1,,,TS_1,,,,,,,Y,353,Y0161
Y0162,AGVS,Port_Mode_Change_Request,Boolean,,PORT2,Port_Mode_Change_Request,,TS_1,,,,,,,Y,354,Y0162
Y0163,AGVS,Port_Mode_Changed_Report_Reply,Boolean,,PORT2,Port_Mode_Changed_Report_Reply,,TS_1,,,,,,,Y,355,Y0163
Y0164,AGVS,Port_Disabled_Report_Reply,Boolean,,PORT2,Port_Disabled_Report_Reply,,TS_1,,,,,,,Y,356,Y0164
Y0165,AGVS,Port_Enbled_Report_Reply,Boolean,,PORT2,Port_Enbled_Report_Reply,,TS_1,,,,,,,Y,357,Y0165
Y0166,AGVS,,Boolean,,PORT2,,,TS_1,,,,,,,Y,358,Y0166
Y0167,AGVS,Carrier_WaitIn_System_Reply,Boolean,,PORT2,Carrier_WaitIn_System_Reply,,TS_1,,,,,,,Y,359,Y0167
Y0168,AGVS,Carrier_WaitIn_System_Accept,Boolean,,PORT2,Carrier_WaitIn_System_Accept,,TS_1,,,,,,,Y,360,Y0168
Y0169,AGVS,Carrier_WaitIn_System_Refuse,Boolean,,PORT2,Carrier_WaitIn_System_Refuse,,TS_1,,,,,,,Y,361,Y0169
Y016A,AGVS,Carrier_WaitOut_System_Reply,Boolean,,PORT2,Carrier_WaitOut_System_Reply,,TS_1,,,,,,,Y,362,Y016A
Y016B,AGVS,Carrier_Removed_Completed_Report_Reply,Boolean,,PORT2,Carrier_Removed_Completed_Report_Reply,,TS_1,,,,,,,Y,363,Y016B
Y016C,AGVS,Carrier_Force_In_System_Reply,Boolean,,PORT2,Carrier_Force_In_System_Reply,,TS_1,,,,,,,Y,364,Y016C
Y016D,AGVS,To_EQ_Up,Boolean,,PORT2,To_EQ_Up,24,TS_1,,,,,,,Y,365,Y016D
Y016E,AGVS,To_EQ_Low,Boolean,,PORT2,To_EQ_Low,25,TS_1,,,,,,,Y,366,Y016E
Y016F,AGVS,CMD_reserve_Up,Boolean,,PORT2,CMD_reserve_Up,26,TS_1,,,,,,,Y,367,Y016F
Y0170,AGVS,CMD_reserve_Low,Boolean,,PORT2,CMD_reserve_Low,27,TS_1,,,,,,,Y,368,Y0170
Y0171,AGVS,,Boolean,,PORT1,,,TS_1,,,,,,,Y,369,Y0171
Y0172,AGVS,,Boolean,,PORT1,,,TS_1,,,,,,,Y,370,Y0172
Y0173,AGVS,,Boolean,,PORT1,,,TS_1,,,,,,,Y,371,Y0173
Y0174,AGVS,,Boolean,,PORT1,,,TS_1,,,,,,,Y,372,Y0174
Y0175,AGVS,,Boolean,,PORT1,,,TS_1,,,,,,,Y,373,Y0175
Y0176,AGVS,,Boolean,,PORT1,,,TS_1,,,,,,,Y,374,Y0176
Y0177,AGVS,,Boolean,,PORT1,,,TS_1,,,,,,,Y,375,Y0177
Y0178,AGVS,,Boolean,,PORT1,,,TS_1,,,,,,,Y,376,Y0178
Y0179,AGVS,,Boolean,,PORT1,,,TS_1,,,,,,,Y,377,Y0179
Y017A,AGVS,,Boolean,,PORT1,,,TS_1,,,,,,,Y,378,Y017A
Y017B,AGVS,,Boolean,,PORT1,,,TS_1,,,,,,,Y,379,Y017B
Y017C,AGVS,,Boolean,,PORT1,,,TS_1,,,,,,,Y,380,Y017C
Y017D,AGVS,,Boolean,,PORT1,,,TS_1,,,,,,,Y,381,Y017D
Y017E,AGVS,,Boolean,,PORT1,,,TS_1,,,,,,,Y,382,Y017E
Y017F,AGVS,,Boolean,,PORT1,,,TS_1,,,,,,,Y,383,Y017F
Y0180,AGVS,,Boolean,,PORT1,,,TS_2_1,,,,,,,Y,384,Y0180
Y0181,AGVS,,Boolean,,PORT1,,,TS_2_1,,,,,,,Y,385,Y0181
Y0182,AGVS,,Boolean,,PORT1,,,TS_2_1,,,,,,,Y,386,Y0182
Y0183,AGVS,,Boolean,,PORT1,,,TS_2_1,,,,,,,Y,387,Y0183
Y0184,AGVS,,Boolean,,PORT1,,,TS_2_1,,,,,,,Y,388,Y0184
Y0185,AGVS,,Boolean,,PORT1,,,TS_2_1,,,,,,,Y,389,Y0185
Y0186,AGVS,,Boolean,,PORT1,,,TS_2_1,,,,,,,Y,390,Y0186
Y0187,AGVS,,Boolean,,PORT1,,,TS_2_1,,,,,,,Y,391,Y0187
Y0188,AGVS,,Boolean,,PORT1,,,TS_2_1,,,,,,,Y,392,Y0188
Y0189,AGVS,,Boolean,,PORT1,,,TS_2_1,,,,,,,Y,393,Y0189
Y018A,AGVS,,Boolean,,PORT1,,,TS_2_1,,,,,,,Y,394,Y018A
Y018B,AGVS,,Boolean,,PORT1,,,TS_2_1,,,,,,,Y,395,Y018B
Y018C,AGVS,,Boolean,,PORT1,,,TS_1,,,,,,,Y,396,Y018C
Y018D,AGVS,,Boolean,,PORT1,,,TS_1,,,,,,,Y,397,Y018D
Y018E,AGVS,,Boolean,,PORT1,,,TS_1,,,,,,,Y,398,Y018E
Y018F,AGVS,,Boolean,,PORT1,,,TS_1,,,,,,,Y,399,Y018F
Y0190,AGVS,,Boolean,,PORT1,,,TS_1,,,,,,,Y,400,Y0190
Y0191,AGVS,,Boolean,,PORT1,,,TS_1,,,,,,,Y,401,Y0191
Y0192,AGVS,,Boolean,,PORT1,,,TS_1,,,,,,,Y,402,Y0192
Y0193,AGVS,,Boolean,,PORT1,,,TS_1,,,,,,,Y,403,Y0193
Y0194,AGVS,,Boolean,,PORT1,,,TS_1,,,,,,,Y,404,Y0194
Y0195,AGVS,,Boolean,,PORT1,,,TS_1,,,,,,,Y,405,Y0195
Y0196,AGVS,,Boolean,,PORT1,,,TS_1,,,,,,,Y,406,Y0196
Y0197,AGVS,,Boolean,,PORT1,,,TS_1,,,,,,,Y,407,Y0197
Y0198,AGVS,,Boolean,,PORT1,,,TS_1,,,,,,,Y,408,Y0198
Y0199,AGVS,,Boolean,,PORT1,,,TS_1,,,,,,,Y,409,Y0199
Y019A,AGVS,,Boolean,,PORT1,,,TS_1,,,,,,,Y,410,Y019A
Y019B,AGVS,,Boolean,,PORT1,,,TS_2_1,,,,,,,Y,411,Y019B
Y019C,AGVS,,Boolean,,PORT1,,,TS_2_1,,,,,,,Y,412,Y019C
Y019D,AGVS,,Boolean,,PORT1,,,TS_2_1,,,,,,,Y,413,Y019D
Y019E,AGVS,,Boolean,,PORT1,,,TS_2_1,,,,,,,Y,414,Y019E
Y019F,AGVS,,Boolean,,PORT1,,,TS_2_1,,,,,,,Y,415,Y019F
Y01A0,AGVS,,Boolean,,PORT1,,,TS_2_1,,,,,,,Y,416,Y01A0
Y01A1,AGVS,,Boolean,,PORT1,,,TS_2_1,,,,,,,Y,417,Y01A1
Y01A2,AGVS,,Boolean,,PORT1,,,TS_2_1,,,,,,,Y,418,Y01A2
Y01A3,AGVS,,Boolean,,PORT1,,,TS_2_1,,,,,,,Y,419,Y01A3
Y01A4,AGVS,,Boolean,,PORT1,,,TS_2_1,,,,,,,Y,420,Y01A4
Y01A5,AGVS,,Boolean,,PORT1,,,TS_2_1,,,,,,,Y,421,Y01A5
Y01A6,AGVS,,Boolean,,PORT1,,,TS_2_1,,,,,,,Y,422,Y01A6
Y01A7,AGVS,,Boolean,,PORT1,,,TS_1,,,,,,,Y,423,Y01A7
Y01A8,AGVS,,Boolean,,PORT1,,,TS_1,,,,,,,Y,424,Y01A8
Y01A9,AGVS,,Boolean,,PORT1,,,TS_1,,,,,,,Y,425,Y01A9
Y01AA,AGVS,,Boolean,,PORT1,,,TS_1,,,,,,,Y,426,Y01AA
Y01AB,AGVS,,Boolean,,PORT1,,,TS_1,,,,,,,Y,427,Y01AB
Y01AC,AGVS,,Boolean,,PORT1,,,TS_1,,,,,,,Y,428,Y01AC
Y01AD,AGVS,,Boolean,,PORT1,,,TS_1,,,,,,,Y,429,Y01AD
Y01AE,AGVS,,Boolean,,PORT1,,,TS_1,,,,,,,Y,430,Y01AE
Y01AF,AGVS,,Boolean,,PORT1,,,TS_1,,,,,,,Y,431,Y01AF
Y01B0,AGVS,,Boolean,,PORT1,,,TS_1,,,,,,,Y,432,Y01B0
Y01B1,AGVS,,Boolean,,PORT1,,,TS_1,,,,,,,Y,433,Y01B1
Y01B2,AGVS,,Boolean,,PORT1,,,TS_1,,,,,,,Y,434,Y01B2
Y01B3,AGVS,,Boolean,,PORT1,,,TS_1,,,,,,,Y,435,Y01B3
Y01B4,AGVS,,Boolean,,PORT1,,,TS_1,,,,,,,Y,436,Y01B4
Y01B5,AGVS,,Boolean,,PORT1,,,TS_1,,,,,,,Y,437,Y01B5
Y01B6,AGVS,,Boolean,,PORT1,,,TS_2_1,,,,,,,Y,438,Y01B6
Y01B7,AGVS,,Boolean,,PORT1,,,TS_2_1,,,,,,,Y,439,Y01B7
Y01B8,AGVS,,Boolean,,PORT1,,,TS_2_1,,,,,,,Y,440,Y01B8
Y01B9,AGVS,,Boolean,,PORT1,,,TS_2_1,,,,,,,Y,441,Y01B9
Y01BA,AGVS,,Boolean,,PORT1,,,TS_2_1,,,,,,,Y,442,Y01BA
Y01BB,AGVS,,Boolean,,PORT1,,,TS_2_1,,,,,,,Y,443,Y01BB
Y01BC,AGVS,,Boolean,,PORT1,,,TS_2_1,,,,,,,Y,444,Y01BC
Y01BD,AGVS,,Boolean,,PORT1,,,TS_2_1,,,,,,,Y,445,Y01BD
Y01BE,AGVS,,Boolean,,PORT1,,,TS_2_1,,,,,,,Y,446,Y01BE
Y01BF,AGVS,,Boolean,,PORT1,,,TS_2_1,,,,,,,Y,447,Y01BF
Y01C0,AGVS,,Boolean,,PORT1,,,TS_1,,,,,,,Y,448,Y01C0
Y01C1,AGVS,,Boolean,,PORT1,,,TS_1,,,,,,,Y,449,Y01C1
Y01C2,AGVS,,Boolean,,PORT1,,,TS_1,,,,,,,Y,450,Y01C2
Y01C3,AGVS,,Boolean,,PORT1,,,TS_1,,,,,,,Y,451,Y01C3
Y01C4,AGVS,,Boolean,,PORT1,,,TS_2_1,,,,,,,Y,452,Y01C4
Y01C5,AGVS,,Boolean,,PORT1,,,TS_2_1,,,,,,,Y,453,Y01C5
Y01C6,AGVS,,Boolean,,PORT1,,,TS_2_1,,,,,,,Y,454,Y01C6
Y01C7,AGVS,,Boolean,,PORT1,,,TS_2_1,,,,,,,Y,455,Y01C7
Y01C8,AGVS,,Boolean,,PORT1,,,TS_2_1,,,,,,,Y,456,Y01C8
Y01C9,AGVS,,Boolean,,PORT1,,,TS_2_1,,,,,,,Y,457,Y01C9
Y01CA,AGVS,,Boolean,,PORT1,,,TS_2_1,,,,,,,Y,458,Y01CA
Y01CB,AGVS,,Boolean,,PORT1,,,TS_2_1,,,,,,,Y,459,Y01CB
Y01CC,AGVS,Port_Mode_Change_Request,Boolean,,PORT1,Port_Mode_Change_Request,,TS_2_1,,,,,,,Y,460,Y01CC
Y01CD,AGVS,Port_Mode_Changed_Report_Reply,Boolean,,PORT1,Port_Mode_Changed_Report_Reply,,TS_2_1,,,,,,,Y,461,Y01CD
Y01CE,AGVS,Port_Disabled_Report_Reply,Boolean,,PORT1,Port_Disabled_Report_Reply,,TS_2_1,,,,,,,Y,462,Y01CE
Y01CF,AGVS,Port_Enbled_Report_Reply,Boolean,,PORT1,Port_Enbled_Report_Reply,,TS_2_1,,,,,,,Y,463,Y01CF
Y01D0,AGVS,,Boolean,,PORT1,,,TS_2_1,,,,,,,Y,464,Y01D0
Y01D1,AGVS,Carrier_WaitIn_System_Reply,Boolean,,PORT1,Carrier_WaitIn_System_Reply,,TS_2_1,,,,,,,Y,465,Y01D1
Y01D2,AGVS,Carrier_WaitIn_System_Accept,Boolean,,PORT1,Carrier_WaitIn_System_Accept,,TS_2_1,,,,,,,Y,466,Y01D2
Y01D3,AGVS,Carrier_WaitIn_System_Refuse,Boolean,,PORT1,Carrier_WaitIn_System_Refuse,,TS_2_1,,,,,,,Y,467,Y01D3
Y01D4,AGVS,Carrier_WaitOut_System_Reply,Boolean,,PORT1,Carrier_WaitOut_System_Reply,,TS_2_1,,,,,,,Y,468,Y01D4
Y01D5,AGVS,Carrier_Removed_Completed_Report_Reply,Boolean,,PORT1,Carrier_Removed_Completed_Report_Reply,,TS_2_1,,,,,,,Y,469,Y01D5
Y01D6,AGVS,Carrier_Force_In_System_Reply,Boolean,,PORT1,Carrier_Force_In_System_Reply,,TS_2_1,,,,,,,Y,470,Y01D6
Y01D7,AGVS,To_EQ_Up,Boolean,,PORT1,To_EQ_Up,24,TS_2_1,,,,,,,Y,471,Y01D7
Y01D8,AGVS,To_EQ_Low,Boolean,,PORT1,To_EQ_Low,25,TS_2_1,,,,,,,Y,472,Y01D8
Y01D9,AGVS,CMD_reserve_Up,Boolean,,PORT1,CMD_reserve_Up,26,TS_2_1,,,,,,,Y,473,Y01D9
Y01DA,AGVS,CMD_reserve_Low,Boolean,,PORT1,CMD_reserve_Low,27,TS_2_1,,,,,,,Y,474,Y01DA
Y01DB,AGVS,,Boolean,,PORT1,,,TS_2_1,,,,,,,Y,475,Y01DB
Y01DC,AGVS,,Boolean,,PORT1,,,TS_2_1,,,,,,,Y,476,Y01DC
Y01DD,AGVS,,Boolean,,PORT1,,,TS_2_1,,,,,,,Y,477,Y01DD
Y01DE,AGVS,,Boolean,,PORT1,,,TS_2_1,,,,,,,Y,478,Y01DE
Y01DF,AGVS,,Boolean,,PORT1,,,TS_2_1,,,,,,,Y,479,Y01DF
Y01E0,AGVS,,Boolean,,PORT1,,,TS_2_1,,,,,,,Y,480,Y01E0
Y01E1,AGVS,,Boolean,,PORT1,,,TS_2_1,,,,,,,Y,481,Y01E1
Y01E2,AGVS,Port_Mode_Change_Request,Boolean,,PORT2,Port_Mode_Change_Request,,TS_2_1,,,,,,,Y,482,Y01E2
Y01E3,AGVS,Port_Mode_Changed_Report_Reply,Boolean,,PORT2,Port_Mode_Changed_Report_Reply,,TS_2_1,,,,,,,Y,483,Y01E3
Y01E4,AGVS,Port_Disabled_Report_Reply,Boolean,,PORT2,Port_Disabled_Report_Reply,,TS_2_1,,,,,,,Y,484,Y01E4
Y01E5,AGVS,Port_Enbled_Report_Reply,Boolean,,PORT2,Port_Enbled_Report_Reply,,TS_2_1,,,,,,,Y,485,Y01E5
Y01E6,AGVS,,Boolean,,PORT2,,,TS_2_1,,,,,,,Y,486,Y01E6
Y01E7,AGVS,Carrier_WaitIn_System_Reply,Boolean,,PORT2,Carrier_WaitIn_System_Reply,,TS_2_1,,,,,,,Y,487,Y01E7
Y01E8,AGVS,Carrier_WaitIn_System_Accept,Boolean,,PORT2,Carrier_WaitIn_System_Accept,,TS_2_1,,,,,,,Y,488,Y01E8
Y01E9,AGVS,Carrier_WaitIn_System_Refuse,Boolean,,PORT2,Carrier_WaitIn_System_Refuse,,TS_2_1,,,,,,,Y,489,Y01E9
Y01EA,AGVS,Carrier_WaitOut_System_Reply,Boolean,,PORT2,Carrier_WaitOut_System_Reply,,TS_2_1,,,,,,,Y,490,Y01EA
Y01EB,AGVS,Carrier_Removed_Completed_Report_Reply,Boolean,,PORT2,Carrier_Removed_Completed_Report_Reply,,TS_2_1,,,,,,,Y,491,Y01EB
Y01EC,AGVS,Carrier_Force_In_System_Reply,Boolean,,PORT2,Carrier_Force_In_System_Reply,,TS_2_1,,,,,,,Y,492,Y01EC
Y01ED,AGVS,To_EQ_Up,Boolean,,PORT2,To_EQ_Up,24,TS_2_1,,,,,,,Y,493,Y01ED
Y01EE,AGVS,To_EQ_Low,Boolean,,PORT2,To_EQ_Low,25,TS_2_1,,,,,,,Y,494,Y01EE
Y01EF,AGVS,CMD_reserve_Up,Boolean,,PORT2,CMD_reserve_Up,26,TS_2_1,,,,,,,Y,495,Y01EF
Y01F0,AGVS,CMD_reserve_Low,Boolean,,PORT2,CMD_reserve_Low,27,TS_2_1,,,,,,,Y,496,Y01F0
Y01F1,AGVS,,Boolean,,PORT1,,,TS_2_1,,,,,,,Y,497,Y01F1
Y01F2,AGVS,,Boolean,,PORT1,,,TS_2_1,,,,,,,Y,498,Y01F2
Y01F3,AGVS,,Boolean,,PORT1,,,TS_2_1,,,,,,,Y,499,Y01F3
Y01F4,AGVS,,Boolean,,PORT1,,,TS_2_1,,,,,,,Y,500,Y01F4
Y01F5,AGVS,,Boolean,,PORT1,,,TS_2_1,,,,,,,Y,501,Y01F5
Y01F6,AGVS,,Boolean,,PORT1,,,TS_2_1,,,,,,,Y,502,Y01F6
Y01F7,AGVS,,Boolean,,PORT1,,,TS_2_1,,,,,,,Y,503,Y01F7
Y01F8,AGVS,,Boolean,,PORT1,,,TS_2_1,,,,,,,Y,504,Y01F8
Y01F9,AGVS,,Boolean,,PORT1,,,TS_2_1,,,,,,,Y,505,Y01F9
Y01FA,AGVS,,Boolean,,PORT1,,,TS_2_1,,,,,,,Y,506,Y01FA
Y01FB,AGVS,,Boolean,,PORT1,,,TS_2_1,,,,,,,Y,507,Y01FB
Y01FC,AGVS,,Boolean,,PORT1,,,TS_2_1,,,,,,,Y,508,Y01FC
Y01FD,AGVS,,Boolean,,PORT1,,,TS_2_1,,,,,,,Y,509,Y01FD
Y01FE,AGVS,,Boolean,,PORT1,,,TS_2_1,,,,,,,Y,510,Y01FE
Y01FF,AGVS,,Boolean,,PORT1,,,TS_2_1,,,,,,,Y,511,Y01FF
Y0200,AGVS,,Boolean,,PORT1,,,TS_2_2,,,,,,,Y,512,Y0200
Y0201,AGVS,,Boolean,,PORT1,,,TS_2_2,,,,,,,Y,513,Y0201
Y0202,AGVS,,Boolean,,PORT1,,,TS_2_2,,,,,,,Y,514,Y0202
Y0203,AGVS,,Boolean,,PORT1,,,TS_2_2,,,,,,,Y,515,Y0203
Y0204,AGVS,,Boolean,,PORT1,,,TS_2_2,,,,,,,Y,516,Y0204
Y0205,AGVS,,Boolean,,PORT1,,,TS_2_2,,,,,,,Y,517,Y0205
Y0206,AGVS,,Boolean,,PORT1,,,TS_2_2,,,,,,,Y,518,Y0206
Y0207,AGVS,,Boolean,,PORT1,,,TS_2_2,,,,,,,Y,519,Y0207
Y0208,AGVS,,Boolean,,PORT1,,,TS_2_2,,,,,,,Y,520,Y0208
Y0209,AGVS,,Boolean,,PORT1,,,TS_2_2,,,,,,,Y,521,Y0209
Y020A,AGVS,,Boolean,,PORT1,,,TS_2_2,,,,,,,Y,522,Y020A
Y020B,AGVS,,Boolean,,PORT1,,,TS_2_2,,,,,,,Y,523,Y020B
Y020C,AGVS,,Boolean,,PORT1,,,TS_2_1,,,,,,,Y,524,Y020C
Y020D,AGVS,,Boolean,,PORT1,,,TS_2_1,,,,,,,Y,525,Y020D
Y020E,AGVS,,Boolean,,PORT1,,,TS_2_1,,,,,,,Y,526,Y020E
Y020F,AGVS,,Boolean,,PORT1,,,TS_2_1,,,,,,,Y,527,Y020F
Y0210,AGVS,,Boolean,,PORT1,,,TS_2_1,,,,,,,Y,528,Y0210
Y0211,AGVS,,Boolean,,PORT1,,,TS_2_1,,,,,,,Y,529,Y0211
Y0212,AGVS,,Boolean,,PORT1,,,TS_2_1,,,,,,,Y,530,Y0212
Y0213,AGVS,,Boolean,,PORT1,,,TS_2_1,,,,,,,Y,531,Y0213
Y0214,AGVS,,Boolean,,PORT1,,,TS_2_1,,,,,,,Y,532,Y0214
Y0215,AGVS,,Boolean,,PORT1,,,TS_2_1,,,,,,,Y,533,Y0215
Y0216,AGVS,,Boolean,,PORT1,,,TS_2_1,,,,,,,Y,534,Y0216
Y0217,AGVS,,Boolean,,PORT1,,,TS_2_1,,,,,,,Y,535,Y0217
Y0218,AGVS,,Boolean,,PORT1,,,TS_2_1,,,,,,,Y,536,Y0218
Y0219,AGVS,,Boolean,,PORT1,,,TS_2_1,,,,,,,Y,537,Y0219
Y021A,AGVS,,Boolean,,PORT1,,,TS_2_1,,,,,,,Y,538,Y021A
Y021B,AGVS,,Boolean,,PORT1,,,TS_2_2,,,,,,,Y,539,Y021B
Y021C,AGVS,,Boolean,,PORT1,,,TS_2_2,,,,,,,Y,540,Y021C
Y021D,AGVS,,Boolean,,PORT1,,,TS_2_2,,,,,,,Y,541,Y021D
Y021E,AGVS,,Boolean,,PORT1,,,TS_2_2,,,,,,,Y,542,Y021E
Y021F,AGVS,,Boolean,,PORT1,,,TS_2_2,,,,,,,Y,543,Y021F
Y0220,AGVS,,Boolean,,PORT1,,,TS_2_2,,,,,,,Y,544,Y0220
Y0221,AGVS,,Boolean,,PORT1,,,TS_2_2,,,,,,,Y,545,Y0221
Y0222,AGVS,,Boolean,,PORT1,,,TS_2_2,,,,,,,Y,546,Y0222
Y0223,AGVS,,Boolean,,PORT1,,,TS_2_2,,,,,,,Y,547,Y0223
Y0224,AGVS,,Boolean,,PORT1,,,TS_2_2,,,,,,,Y,548,Y0224
Y0225,AGVS,,Boolean,,PORT1,,,TS_2_2,,,,,,,Y,549,Y0225
Y0226,AGVS,,Boolean,,PORT1,,,TS_2_2,,,,,,,Y,550,Y0226
Y0227,AGVS,,Boolean,,PORT1,,,TS_2_1,,,,,,,Y,551,Y0227
Y0228,AGVS,,Boolean,,PORT1,,,TS_2_1,,,,,,,Y,552,Y0228
Y0229,AGVS,,Boolean,,PORT1,,,TS_2_1,,,,,,,Y,553,Y0229
Y022A,AGVS,,Boolean,,PORT1,,,TS_2_1,,,,,,,Y,554,Y022A
Y022B,AGVS,,Boolean,,PORT1,,,TS_2_1,,,,,,,Y,555,Y022B
Y022C,AGVS,,Boolean,,PORT1,,,TS_2_1,,,,,,,Y,556,Y022C
Y022D,AGVS,,Boolean,,PORT1,,,TS_2_1,,,,,,,Y,557,Y022D
Y022E,AGVS,,Boolean,,PORT1,,,TS_2_1,,,,,,,Y,558,Y022E
Y022F,AGVS,,Boolean,,PORT1,,,TS_2_1,,,,,,,Y,559,Y022F
Y0230,AGVS,,Boolean,,PORT1,,,TS_2_1,,,,,,,Y,560,Y0230
Y0231,AGVS,,Boolean,,PORT1,,,TS_2_1,,,,,,,Y,561,Y0231
Y0232,AGVS,,Boolean,,PORT1,,,TS_2_1,,,,,,,Y,562,Y0232
Y0233,AGVS,,Boolean,,PORT1,,,TS_2_1,,,,,,,Y,563,Y0233
Y0234,AGVS,,Boolean,,PORT1,,,TS_2_1,,,,,,,Y,564,Y0234
Y0235,AGVS,,Boolean,,PORT1,,,TS_2_1,,,,,,,Y,565,Y0235
Y0236,AGVS,,Boolean,,PORT1,,,TS_2_2,,,,,,,Y,566,Y0236
Y0237,AGVS,,Boolean,,PORT1,,,TS_2_2,,,,,,,Y,567,Y0237
Y0238,AGVS,,Boolean,,PORT1,,,TS_2_2,,,,,,,Y,568,Y0238
Y0239,AGVS,,Boolean,,PORT1,,,TS_2_2,,,,,,,Y,569,Y0239
Y023A,AGVS,,Boolean,,PORT1,,,TS_2_2,,,,,,,Y,570,Y023A
Y023B,AGVS,,Boolean,,PORT1,,,TS_2_2,,,,,,,Y,571,Y023B
Y023C,AGVS,,Boolean,,PORT1,,,TS_2_2,,,,,,,Y,572,Y023C
Y023D,AGVS,,Boolean,,PORT1,,,TS_2_2,,,,,,,Y,573,Y023D
Y023E,AGVS,,Boolean,,PORT1,,,TS_2_2,,,,,,,Y,574,Y023E
Y023F,AGVS,,Boolean,,PORT1,,,TS_2_2,,,,,,,Y,575,Y023F
Y0240,AGVS,,Boolean,,PORT1,,,TS_2_2,,,,,,,Y,576,Y0240
Y0241,AGVS,,Boolean,,PORT1,,,TS_2_2,,,,,,,Y,577,Y0241
Y0242,AGVS,,Boolean,,PORT1,,,TS_2_2,,,,,,,Y,578,Y0242
Y0243,AGVS,,Boolean,,PORT1,,,TS_2_2,,,,,,,Y,579,Y0243
Y0244,AGVS,,Boolean,,PORT1,,,TS_2_2,,,,,,,Y,580,Y0244
Y0245,AGVS,,Boolean,,PORT1,,,TS_2_2,,,,,,,Y,581,Y0245
Y0246,AGVS,,Boolean,,PORT1,,,TS_2_2,,,,,,,Y,582,Y0246
Y0247,AGVS,,Boolean,,PORT1,,,TS_2_2,,,,,,,Y,583,Y0247
Y0248,AGVS,,Boolean,,PORT1,,,TS_2_2,,,,,,,Y,584,Y0248
Y0249,AGVS,,Boolean,,PORT1,,,TS_2_2,,,,,,,Y,585,Y0249
Y024A,AGVS,,Boolean,,PORT1,,,TS_2_2,,,,,,,Y,586,Y024A
Y024B,AGVS,,Boolean,,PORT1,,,TS_2_2,,,,,,,Y,587,Y024B
Y024C,AGVS,Port_Mode_Change_Request,Boolean,,PORT1,Port_Mode_Change_Request,,TS_2_2,,,,,,,Y,588,Y024C
Y024D,AGVS,Port_Mode_Changed_Report_Reply,Boolean,,PORT1,Port_Mode_Changed_Report_Reply,,TS_2_2,,,,,,,Y,589,Y024D
Y024E,AGVS,Port_Disabled_Report_Reply,Boolean,,PORT1,Port_Disabled_Report_Reply,,TS_2_2,,,,,,,Y,590,Y024E
Y024F,AGVS,Port_Enbled_Report_Reply,Boolean,,PORT1,Port_Enbled_Report_Reply,,TS_2_2,,,,,,,Y,591,Y024F
Y0250,AGVS,,Boolean,,PORT1,,,TS_2_2,,,,,,,Y,592,Y0250
Y0251,AGVS,Carrier_WaitIn_System_Reply,Boolean,,PORT1,Carrier_WaitIn_System_Reply,,TS_2_2,,,,,,,Y,593,Y0251
Y0252,AGVS,Carrier_WaitIn_System_Accept,Boolean,,PORT1,Carrier_WaitIn_System_Accept,,TS_2_2,,,,,,,Y,594,Y0252
Y0253,AGVS,Carrier_WaitIn_System_Refuse,Boolean,,PORT1,Carrier_WaitIn_System_Refuse,,TS_2_2,,,,,,,Y,595,Y0253
Y0254,AGVS,Carrier_WaitOut_System_Reply,Boolean,,PORT1,Carrier_WaitOut_System_Reply,,TS_2_2,,,,,,,Y,596,Y0254
Y0255,AGVS,Carrier_Removed_Completed_Report_Reply,Boolean,,PORT1,Carrier_Removed_Completed_Report_Reply,,TS_2_2,,,,,,,Y,597,Y0255
Y0256,AGVS,Carrier_Force_In_System_Reply,Boolean,,PORT1,Carrier_Force_In_System_Reply,,TS_2_2,,,,,,,Y,598,Y0256
Y0257,AGVS,To_EQ_Up,Boolean,,PORT1,To_EQ_Up,24,TS_2_2,,,,,,,Y,599,Y0257
Y0258,AGVS,To_EQ_Low,Boolean,,PORT1,To_EQ_Low,25,TS_2_2,,,,,,,Y,600,Y0258
Y0259,AGVS,CMD_reserve_Up,Boolean,,PORT1,CMD_reserve_Up,26,TS_2_2,,,,,,,Y,601,Y0259
Y025A,AGVS,CMD_reserve_Low,Boolean,,PORT1,CMD_reserve_Low,27,TS_2_2,,,,,,,Y,602,Y025A
Y025B,AGVS,,Boolean,,PORT1,,,TS_2_2,,,,,,,Y,603,Y025B
Y025C,AGVS,,Boolean,,PORT1,,,TS_2_2,,,,,,,Y,604,Y025C
Y025D,AGVS,,Boolean,,PORT1,,,TS_2_2,,,,,,,Y,605,Y025D
Y025E,AGVS,,Boolean,,PORT1,,,TS_2_2,,,,,,,Y,606,Y025E
Y025F,AGVS,,Boolean,,PORT1,,,TS_2_2,,,,,,,Y,607,Y025F
Y0260,AGVS,,Boolean,,PORT1,,,TS_2_2,,,,,,,Y,608,Y0260
Y0261,AGVS,,Boolean,,PORT1,,,TS_2_2,,,,,,,Y,609,Y0261
Y0262,AGVS,Port_Mode_Change_Request,Boolean,,PORT2,Port_Mode_Change_Request,,TS_2_2,,,,,,,Y,610,Y0262
Y0263,AGVS,Port_Mode_Changed_Report_Reply,Boolean,,PORT2,Port_Mode_Changed_Report_Reply,,TS_2_2,,,,,,,Y,611,Y0263
Y0264,AGVS,Port_Disabled_Report_Reply,Boolean,,PORT2,Port_Disabled_Report_Reply,,TS_2_2,,,,,,,Y,612,Y0264
Y0265,AGVS,Port_Enbled_Report_Reply,Boolean,,PORT2,Port_Enbled_Report_Reply,,TS_2_2,,,,,,,Y,613,Y0265
Y0266,AGVS,,Boolean,,PORT2,,,TS_2_2,,,,,,,Y,614,Y0266
Y0267,AGVS,Carrier_WaitIn_System_Reply,Boolean,,PORT2,Carrier_WaitIn_System_Reply,,TS_2_2,,,,,,,Y,615,Y0267
Y0268,AGVS,Carrier_WaitIn_System_Accept,Boolean,,PORT2,Carrier_WaitIn_System_Accept,,TS_2_2,,,,,,,Y,616,Y0268
Y0269,AGVS,Carrier_WaitIn_System_Refuse,Boolean,,PORT2,Carrier_WaitIn_System_Refuse,,TS_2_2,,,,,,,Y,617,Y0269
Y026A,AGVS,Carrier_WaitOut_System_Reply,Boolean,,PORT2,Carrier_WaitOut_System_Reply,,TS_2_2,,,,,,,Y,618,Y026A
Y026B,AGVS,Carrier_Removed_Completed_Report_Reply,Boolean,,PORT2,Carrier_Removed_Completed_Report_Reply,,TS_2_2,,,,,,,Y,619,Y026B
Y026C,AGVS,Carrier_Force_In_System_Reply,Boolean,,PORT2,Carrier_Force_In_System_Reply,,TS_2_2,,,,,,,Y,620,Y026C
Y026D,AGVS,To_EQ_Up,Boolean,,PORT2,To_EQ_Up,24,TS_2_2,,,,,,,Y,621,Y026D
Y026E,AGVS,To_EQ_Low,Boolean,,PORT2,To_EQ_Low,25,TS_2_2,,,,,,,Y,622,Y026E
Y026F,AGVS,CMD_reserve_Up,Boolean,,PORT2,CMD_reserve_Up,26,TS_2_2,,,,,,,Y,623,Y026F
Y0270,AGVS,CMD_reserve_Low,Boolean,,PORT2,CMD_reserve_Low,27,TS_2_2,,,,,,,Y,624,Y0270
Y0271,AGVS,,Boolean,,,,,TS_2_2,,,,,,,Y,625,Y0271
Y0272,AGVS,,Boolean,,,,,TS_2_2,,,,,,,Y,626,Y0272
Y0273,AGVS,,Boolean,,,,,TS_2_2,,,,,,,Y,627,Y0273
Y0274,AGVS,,Boolean,,,,,TS_2_2,,,,,,,Y,628,Y0274
Y0275,AGVS,,Boolean,,,,,TS_2_2,,,,,,,Y,629,Y0275
Y0276,AGVS,,Boolean,,,,,TS_2_2,,,,,,,Y,630,Y0276
Y0277,AGVS,,Boolean,,,,,TS_2_2,,,,,,,Y,631,Y0277
Y0278,AGVS,,Boolean,,,,,TS_2_2,,,,,,,Y,632,Y0278
Y0279,AGVS,,Boolean,,,,,TS_2_2,,,,,,,Y,633,Y0279
Y027A,AGVS,,Boolean,,,,,TS_2_2,,,,,,,Y,634,Y027A
Y027B,AGVS,,Boolean,,,,,TS_2_2,,,,,,,Y,635,Y027B
Y027C,AGVS,,Boolean,,,,,TS_2_2,,,,,,,Y,636,Y027C
Y027D,AGVS,,Boolean,,,,,TS_2_2,,,,,,,Y,637,Y027D
Y027E,AGVS,,Boolean,,,,,TS_2_2,,,,,,,Y,638,Y027E
Y027F,AGVS,,Boolean,,,,,TS_2_2,,,,,,,Y,639,Y027F
Y0280,AGVS,,Boolean,,,,,TS_3,,,,,,,Y,640,Y0280
Y0281,AGVS,,Boolean,,,,,TS_3,,,,,,,Y,641,Y0281
Y0282,AGVS,,Boolean,,,,,TS_3,,,,,,,Y,642,Y0282
Y0283,AGVS,,Boolean,,,,,TS_3,,,,,,,Y,643,Y0283
Y0284,AGVS,,Boolean,,,,,TS_3,,,,,,,Y,644,Y0284
Y0285,AGVS,,Boolean,,,,,TS_3,,,,,,,Y,645,Y0285
Y0286,AGVS,,Boolean,,,,,TS_3,,,,,,,Y,646,Y0286
Y0287,AGVS,,Boolean,,,,,TS_3,,,,,,,Y,647,Y0287
Y0288,AGVS,,Boolean,,,,,TS_3,,,,,,,Y,648,Y0288
Y0289,AGVS,,Boolean,,,,,TS_3,,,,,,,Y,649,Y0289
Y028A,AGVS,,Boolean,,,,,TS_3,,,,,,,Y,650,Y028A
Y028B,AGVS,,Boolean,,,,,TS_3,,,,,,,Y,651,Y028B
Y028C,AGVS,,Boolean,,,,,TS_2_2,,,,,,,Y,652,Y028C
Y028D,AGVS,,Boolean,,,,,TS_2_2,,,,,,,Y,653,Y028D
Y028E,AGVS,,Boolean,,,,,TS_2_2,,,,,,,Y,654,Y028E
Y028F,AGVS,,Boolean,,,,,TS_2_2,,,,,,,Y,655,Y028F
Y0290,AGVS,,Boolean,,,,,TS_2_2,,,,,,,Y,656,Y0290
Y0291,AGVS,,Boolean,,,,,TS_2_2,,,,,,,Y,657,Y0291
Y0292,AGVS,,Boolean,,,,,TS_2_2,,,,,,,Y,658,Y0292
Y0293,AGVS,,Boolean,,,,,TS_2_2,,,,,,,Y,659,Y0293
Y0294,AGVS,,Boolean,,,,,TS_2_2,,,,,,,Y,660,Y0294
Y0295,AGVS,,Boolean,,,,,TS_2_2,,,,,,,Y,661,Y0295
Y0296,AGVS,,Boolean,,,,,TS_2_2,,,,,,,Y,662,Y0296
Y0297,AGVS,,Boolean,,,,,TS_2_2,,,,,,,Y,663,Y0297
Y0298,AGVS,,Boolean,,,,,TS_2_2,,,,,,,Y,664,Y0298
Y0299,AGVS,,Boolean,,,,,TS_2_2,,,,,,,Y,665,Y0299
Y029A,AGVS,,Boolean,,,,,TS_2_2,,,,,,,Y,666,Y029A
Y029B,AGVS,,Boolean,,,,,TS_3,,,,,,,Y,667,Y029B
Y029C,AGVS,,Boolean,,,,,TS_3,,,,,,,Y,668,Y029C
Y029D,AGVS,,Boolean,,,,,TS_3,,,,,,,Y,669,Y029D
Y029E,AGVS,,Boolean,,,,,TS_3,,,,,,,Y,670,Y029E
Y029F,AGVS,,Boolean,,,,,TS_3,,,,,,,Y,671,Y029F
Y02A0,AGVS,,Boolean,,,,,TS_3,,,,,,,Y,672,Y02A0
Y02A1,AGVS,,Boolean,,,,,TS_3,,,,,,,Y,673,Y02A1
Y02A2,AGVS,,Boolean,,,,,TS_3,,,,,,,Y,674,Y02A2
Y02A3,AGVS,,Boolean,,,,,TS_3,,,,,,,Y,675,Y02A3
Y02A4,AGVS,,Boolean,,,,,TS_3,,,,,,,Y,676,Y02A4
Y02A5,AGVS,,Boolean,,,,,TS_3,,,,,,,Y,677,Y02A5
Y02A6,AGVS,,Boolean,,,,,TS_3,,,,,,,Y,678,Y02A6
Y02A7,AGVS,,Boolean,,,,,TS_2_2,,,,,,,Y,679,Y02A7
Y02A8,AGVS,,Boolean,,,,,TS_2_2,,,,,,,Y,680,Y02A8
Y02A9,AGVS,,Boolean,,,,,TS_2_2,,,,,,,Y,681,Y02A9
Y02AA,AGVS,,Boolean,,,,,TS_2_2,,,,,,,Y,682,Y02AA
Y02AB,AGVS,,Boolean,,,,,TS_2_2,,,,,,,Y,683,Y02AB
Y02AC,AGVS,,Boolean,,,,,TS_2_2,,,,,,,Y,684,Y02AC
Y02AD,AGVS,,Boolean,,,,,TS_2_2,,,,,,,Y,685,Y02AD
Y02AE,AGVS,,Boolean,,,,,TS_2_2,,,,,,,Y,686,Y02AE
Y02AF,AGVS,,Boolean,,,,,TS_2_2,,,,,,,Y,687,Y02AF
Y02B0,AGVS,,Boolean,,,,,TS_2_2,,,,,,,Y,688,Y02B0
Y02B1,AGVS,,Boolean,,,,,TS_2_2,,,,,,,Y,689,Y02B1
Y02B2,AGVS,,Boolean,,,,,TS_2_2,,,,,,,Y,690,Y02B2
Y02B3,AGVS,,Boolean,,,,,TS_2_2,,,,,,,Y,691,Y02B3
Y02B4,AGVS,,Boolean,,,,,TS_2_2,,,,,,,Y,692,Y02B4
Y02B5,AGVS,,Boolean,,,,,TS_2_2,,,,,,,Y,693,Y02B5
Y02B6,AGVS,,Boolean,,,,,TS_3,,,,,,,Y,694,Y02B6
Y02B7,AGVS,,Boolean,,,,,TS_3,,,,,,,Y,695,Y02B7
Y02B8,AGVS,,Boolean,,,,,TS_3,,,,,,,Y,696,Y02B8
Y02B9,AGVS,,Boolean,,,,,TS_3,,,,,,,Y,697,Y02B9
Y02BA,AGVS,,Boolean,,,,,TS_3,,,,,,,Y,698,Y02BA
Y02BB,AGVS,,Boolean,,,,,TS_3,,,,,,,Y,699,Y02BB
Y02BC,AGVS,,Boolean,,,,,TS_3,,,,,,,Y,700,Y02BC
Y02BD,AGVS,,Boolean,,,,,TS_3,,,,,,,Y,701,Y02BD
Y02BE,AGVS,,Boolean,,,,,TS_3,,,,,,,Y,702,Y02BE
Y02BF,AGVS,,Boolean,,,,,TS_3,,,,,,,Y,703,Y02BF
Y02C0,AGVS,,Boolean,,,,,TS_3,,,,,,,Y,704,Y02C0
Y02C1,AGVS,,Boolean,,,,,TS_3,,,,,,,Y,705,Y02C1
Y02C2,AGVS,,Boolean,,,,,TS_3,,,,,,,Y,706,Y02C2
Y02C3,AGVS,,Boolean,,,,,TS_3,,,,,,,Y,707,Y02C3
Y02C4,AGVS,VALID,Boolean,,PORT1,VALID,,TS_3,,,,,,,Y,708,Y02C4
Y02C5,AGVS,TR-REQ,Boolean,,PORT1,TR_REQ,,TS_3,,,,,,,Y,709,Y02C5
Y02C6,AGVS,BUSY,Boolean,,PORT1,BUSY,,TS_3,,,,,,,Y,710,Y02C6
Y02C7,AGVS,COMPT,Boolean,,PORT1,COMPT,,TS_3,,,,,,,Y,711,Y02C7
Y02C8,AGVS,AGV_READY,Boolean,,PORT1,AGV_READY,,TS_3,,,,,,,Y,712,Y02C8
Y02C9,AGVS,,Boolean,,,,,TS_3,,,,,,,Y,713,Y02C9
Y02CA,AGVS,,Boolean,,,,,TS_3,,,,,,,Y,714,Y02CA
Y02CB,AGVS,,Boolean,,,,,TS_3,,,,,,,Y,715,Y02CB
Y02CC,AGVS,Port_Mode_Change_Request,Boolean,,PORT1,Port_Mode_Change_Request,,TS_3,,,,,,,Y,716,Y02CC
Y02CD,AGVS,Port_Mode_Changed_Report_Reply,Boolean,,PORT1,Port_Mode_Changed_Report_Reply,,TS_3,,,,,,,Y,717,Y02CD
Y02CE,AGVS,Port_Disabled_Report_Reply,Boolean,,PORT1,Port_Disabled_Report_Reply,,TS_3,,,,,,,Y,718,Y02CE
Y02CF,AGVS,Port_Enbled_Report_Reply,Boolean,,PORT1,Port_Enbled_Report_Reply,,TS_3,,,,,,,Y,719,Y02CF
Y02D0,AGVS,,Boolean,,PORT1,,,TS_3,,,,,,,Y,720,Y02D0
Y02D1,AGVS,Carrier_WaitIn_System_Reply,Boolean,,PORT1,Carrier_WaitIn_System_Reply,,TS_3,,,,,,,Y,721,Y02D1
Y02D2,AGVS,Carrier_WaitIn_System_Accept,Boolean,,PORT1,Carrier_WaitIn_System_Accept,,TS_3,,,,,,,Y,722,Y02D2
Y02D3,AGVS,Carrier_WaitIn_System_Refuse,Boolean,,PORT1,Carrier_WaitIn_System_Refuse,,TS_3,,,,,,,Y,723,Y02D3
Y02D4,AGVS,Carrier_WaitOut_System_Reply,Boolean,,PORT1,Carrier_WaitOut_System_Reply,,TS_3,,,,,,,Y,724,Y02D4
Y02D5,AGVS,Carrier_Removed_Completed_Report_Reply,Boolean,,PORT1,Carrier_Removed_Completed_Report_Reply,,TS_3,,,,,,,Y,725,Y02D5
Y02D6,AGVS,Carrier_Force_In_System_Reply,Boolean,,PORT1,Carrier_Force_In_System_Reply,,TS_3,,,,,,,Y,726,Y02D6
Y02D7,AGVS,To_EQ_Up,Boolean,,PORT1,To_EQ_Up,24,TS_3,,,,,,,Y,727,Y02D7
Y02D8,AGVS,To_EQ_Low,Boolean,,PORT1,To_EQ_Low,25,TS_3,,,,,,,Y,728,Y02D8
Y02D9,AGVS,CMD_reserve_Up,Boolean,,PORT1,CMD_reserve_Up,26,TS_3,,,,,,,Y,729,Y02D9
Y02DA,AGVS,CMD_reserve_Low,Boolean,,PORT1,CMD_reserve_Low,27,TS_3,,,,,,,Y,730,Y02DA
Y02DB,AGVS,,Boolean,,PORT1,,,TS_3,,,,,,,Y,731,Y02DB
Y02DC,AGVS,VALID,Boolean,,PORT2,VALID,,TS_3,,,,,,,Y,732,Y02DC
Y02DD,AGVS,TR-REQ,Boolean,,PORT2,TR_REQ,,TS_3,,,,,,,Y,733,Y02DD
Y02DE,AGVS,BUSY,Boolean,,PORT2,BUSY,,TS_3,,,,,,,Y,734,Y02DE
Y02DF,AGVS,COMPT,Boolean,,PORT2,COMPT,,TS_3,,,,,,,Y,735,Y02DF
Y02E0,AGVS,AGV_READY,Boolean,,PORT2,AGV_READY,,TS_3,,,,,,,Y,736,Y02E0
Y02E1,AGVS,,Boolean,,PORT2,,,TS_3,,,,,,,Y,737,Y02E1
Y02E2,AGVS,Port_Mode_Change_Request,Boolean,,PORT2,Port_Mode_Change_Request,,TS_3,,,,,,,Y,738,Y02E2
Y02E3,AGVS,Port_Mode_Changed_Report_Reply,Boolean,,PORT2,Port_Mode_Changed_Report_Reply,,TS_3,,,,,,,Y,739,Y02E3
Y02E4,AGVS,Port_Disabled_Report_Reply,Boolean,,PORT2,Port_Disabled_Report_Reply,,TS_3,,,,,,,Y,740,Y02E4
Y02E5,AGVS,Port_Enbled_Report_Reply,Boolean,,PORT2,Port_Enbled_Report_Reply,,TS_3,,,,,,,Y,741,Y02E5
Y02E6,AGVS,,Boolean,,PORT2,,,TS_3,,,,,,,Y,742,Y02E6
Y02E7,AGVS,Carrier_WaitIn_System_Reply,Boolean,,PORT2,Carrier_WaitIn_System_Reply,,TS_3,,,,,,,Y,743,Y02E7
Y02E8,AGVS,Carrier_WaitIn_System_Accept,Boolean,,PORT2,Carrier_WaitIn_System_Accept,,TS_3,,,,,,,Y,744,Y02E8
Y02E9,AGVS,Carrier_WaitIn_System_Refuse,Boolean,,PORT2,Carrier_WaitIn_System_Refuse,,TS_3,,,,,,,Y,745,Y02E9
Y02EA,AGVS,Carrier_WaitOut_System_Reply,Boolean,,PORT2,Carrier_WaitOut_System_Reply,,TS_3,,,,,,,Y,746,Y02EA
Y02EB,AGVS,Carrier_Removed_Completed_Report_Reply,Boolean,,PORT2,Carrier_Removed_Completed_Report_Reply,,TS_3,,,,,,,Y,747,Y02EB
Y02EC,AGVS,Carrier_Force_In_System_Reply,Boolean,,PORT2,Carrier_Force_In_System_Reply,,TS_3,,,,,,,Y,748,Y02EC
Y02ED,AGVS,To_EQ_Up,Boolean,,PORT2,To_EQ_Up,24,TS_3,,,,,,,Y,749,Y02ED
Y02EE,AGVS,To_EQ_Low,Boolean,,PORT2,To_EQ_Low,25,TS_3,,,,,,,Y,750,Y02EE
Y02EF,AGVS,CMD_reserve_Up,Boolean,,PORT2,CMD_reserve_Up,26,TS_3,,,,,,,Y,751,Y02EF
Y02F0,AGVS,CMD_reserve_Low,Boolean,,PORT2,CMD_reserve_Low,27,TS_3,,,,,,,Y,752,Y02F0
Y02F1,AGVS,,Boolean,,,,,TS_3,,,,,,,Y,753,Y02F1
Y02F2,AGVS,,Boolean,,,,,TS_3,,,,,,,Y,754,Y02F2
Y02F3,AGVS,,Boolean,,,,,TS_3,,,,,,,Y,755,Y02F3
Y02F4,AGVS,,Boolean,,,,,TS_3,,,,,,,Y,756,Y02F4
Y02F5,AGVS,,Boolean,,,,,TS_3,,,,,,,Y,757,Y02F5
Y02F6,AGVS,,Boolean,,,,,TS_3,,,,,,,Y,758,Y02F6
Y02F7,AGVS,,Boolean,,,,,TS_3,,,,,,,Y,759,Y02F7
Y02F8,AGVS,,Boolean,,,,,TS_3,,,,,,,Y,760,Y02F8
Y02F9,AGVS,,Boolean,,,,,TS_3,,,,,,,Y,761,Y02F9
Y02FA,AGVS,,Boolean,,,,,TS_3,,,,,,,Y,762,Y02FA
Y02FB,AGVS,,Boolean,,,,,TS_3,,,,,,,Y,763,Y02FB
Y02FC,AGVS,,Boolean,,,,,TS_3,,,,,,,Y,764,Y02FC
Y02FD,AGVS,,Boolean,,,,,TS_3,,,,,,,Y,765,Y02FD
Y02FE,AGVS,,Boolean,,,,,TS_3,,,,,,,Y,766,Y02FE
Y02FF,AGVS,,Boolean,,,,,TS_3,,,,,,,Y,767,Y02FF
