Memory (Hex),Owner,Data Name,Data Format,Explanation,Device,Code_Property,Modbus_Register,EQ_Name,,,,,,,Memory Type _ 1,Memory Address,
X0000,EQP,Load Request ,Boolean,,PORT1,Load_Request,1,STK,,,,,,,X,0,X0
X0001,EQP,Unload Request,Boolean,,PORT1,Unload_Request,2,STK,,,,,,,X,1,X1
X0002,EQP,Port Exist,Boolean,,PORT1,Port_Exist,3,STK,,,,,,,X,2,X2
X0003,EQP,UP_POS,Boolean,,PORT1,LD_UP_POS,4,STK,,,,,,,X,3,X3
X0004,EQP,DOWN_POS,Boolean,,PORT1,LD_DOWN_POS,5,STK,,,,,,,X,4,X4
X0005,EQP,EQP Status Down,Boolean,,PORT1,Port_Status_Down,6,STK,,,,,,,X,5,X5
X0006,EQP,,Boolean,,PORT1,,,,,,,,,,X,6,X6
X0007,EQP,,Boolean,,PORT1,,,,,,,,,,X,7,X7
X0008,EQP,,Boolean,,PORT1,,,,,,,,,,X,8,X8
X0009,EQP,,Boolean,,PORT1,,,,,,,,,,X,9,X9
X000A,EQP,,Boolean,,PORT1,,,,,,,,,,X,10,XA
X000B,EQP,,Boolean,,PORT1,,,,,,,,,,X,11,XB
X000C,EQP,,Boolean,,PORT1,,,,,,,,,,X,12,XC
X000D,EQP,,Boolean,,PORT1,,,,,,,,,,X,13,XD
X000E,EQP,,Boolean,,PORT1,,,,,,,,,,X,14,XE
X000F,EQP,,Boolean,,PORT1,,,,,,,,,,X,15,XF
X0010,EQP,Load Request ,Boolean,,PORT2,Load_Request,1,STK,,,,,,,X,16,X10
X0011,EQP,Unload Request,Boolean,,PORT2,Unload_Request,2,STK,,,,,,,X,17,X11
X0012,EQP,Port Exist,Boolean,,PORT2,Port_Exist,3,STK,,,,,,,X,18,X12
X0013,EQP,UP_POS,Boolean,,PORT2,LD_UP_POS,4,STK,,,,,,,X,19,X13
X0014,EQP,DOWN_POS,Boolean,,PORT2,LD_DOWN_POS,5,STK,,,,,,,X,20,X14
X0015,EQP,EQP Status Down,Boolean,,PORT2,Port_Status_Down,6,STK,,,,,,,X,21,X15
X0016,EQP,,Boolean,,PORT2,,,,,,,,,,X,22,X16
X0017,EQP,,Boolean,,PORT2,,,,,,,,,,X,23,X17
X0018,EQP,,Boolean,,PORT2,,,,,,,,,,X,24,X18
X0019,EQP,,Boolean,,PORT2,,,,,,,,,,X,25,X19
X001A,EQP,,Boolean,,PORT2,,,,,,,,,,X,26,X1A
X001B,EQP,,Boolean,,PORT2,,,,,,,,,,X,27,X1B
X001C,EQP,,Boolean,,PORT2,,,,,,,,,,X,28,X1C
X001D,EQP,,Boolean,,PORT2,,,,,,,,,,X,29,X1D
X001E,EQP,,Boolean,,PORT2,,,,,,,,,,X,30,X1E
X001F,EQP,,Boolean,,PORT2,,,,,,,,,,X,31,X1F
X0020,EQP,Load Request ,Boolean,,PORT1,Load_Request,1,QV,,,,,,,X,32,X20
X0021,EQP,Unload Request,Boolean,,PORT1,Unload_Request,2,QV,,,,,,,X,33,X21
X0022,EQP,Port Exist,Boolean,,PORT1,Port_Exist,3,QV,,,,,,,X,34,X22
X0023,EQP,UP_POS,Boolean,,PORT1,LD_UP_POS,4,QV,,,,,,,X,35,X23
X0024,EQP,DOWN_POS,Boolean,,PORT1,LD_DOWN_POS,5,QV,,,,,,,X,36,X24
X0025,EQP,EQP Status Down,Boolean,,PORT1,Port_Status_Down,6,QV,,,,,,,X,37,X25
X0026,EQP,,Boolean,,PORT1,,,,,,,,,,X,38,X26
X0027,EQP,,Boolean,,PORT1,,,,,,,,,,X,39,X27
X0028,EQP,,Boolean,,PORT1,,,,,,,,,,X,40,X28
X0029,EQP,,Boolean,,PORT1,,,,,,,,,,X,41,X29
X002A,EQP,,Boolean,,PORT1,,,,,,,,,,X,42,X2A
X002B,EQP,,Boolean,,PORT1,,,,,,,,,,X,43,X2B
X002C,EQP,,Boolean,,PORT1,,,,,,,,,,X,44,X2C
X002D,EQP,,Boolean,,PORT1,,,,,,,,,,X,45,X2D
X002E,EQP,,Boolean,,PORT1,,,,,,,,,,X,46,X2E
X002F,EQP,,Boolean,,PORT1,,,,,,,,,,X,47,X2F
X0030,EQP,Load Request ,Boolean,,PORT2,Load_Request,1,QV,,,,,,,X,48,X30
X0031,EQP,Unload Request,Boolean,,PORT2,Unload_Request,2,QV,,,,,,,X,49,X31
X0032,EQP,Port Exist,Boolean,,PORT2,Port_Exist,3,QV,,,,,,,X,50,X32
X0033,EQP,UP_POS,Boolean,,PORT2,LD_UP_POS,4,QV,,,,,,,X,51,X33
X0034,EQP,DOWN_POS,Boolean,,PORT2,LD_DOWN_POS,5,QV,,,,,,,X,52,X34
X0035,EQP,EQP Status Down,Boolean,,PORT2,Port_Status_Down,6,QV,,,,,,,X,53,X35
X0036,EQP,,Boolean,,PORT2,,,,,,,,,,X,54,X36
X0037,EQP,,Boolean,,PORT2,,,,,,,,,,X,55,X37
X0038,EQP,,Boolean,,PORT2,,,,,,,,,,X,56,X38
X0039,EQP,,Boolean,,PORT2,,,,,,,,,,X,57,X39
X003A,EQP,,Boolean,,PORT2,,,,,,,,,,X,58,X3A
X003B,EQP,,Boolean,,PORT2,,,,,,,,,,X,59,X3B
X003C,EQP,,Boolean,,PORT2,,,,,,,,,,X,60,X3C
X003D,EQP,,Boolean,,PORT2,,,,,,,,,,X,61,X3D
X003E,EQP,,Boolean,,PORT2,,,,,,,,,,X,62,X3E
X003F,EQP,,Boolean,,PORT2,,,,,,,,,,X,63,X3F
X0040,EQP,Load Request ,Boolean,,PORT1,Load_Request,1,AOI_1,,,,,,,X,64,X40
X0041,EQP,Unload Request,Boolean,,PORT1,Unload_Request,2,AOI_1,,,,,,,X,65,X41
X0042,EQP,Port Exist,Boolean,,PORT1,Port_Exist,3,AOI_1,,,,,,,X,66,X42
X0043,EQP,UP_POS,Boolean,,PORT1,LD_UP_POS,4,AOI_1,,,,,,,X,67,X43
X0044,EQP,DOWN_POS,Boolean,,PORT1,LD_DOWN_POS,5,AOI_1,,,,,,,X,68,X44
X0045,EQP,EQP Status Down,Boolean,,PORT1,Port_Status_Down,6,AOI_1,,,,,,,X,69,X45
X0046,EQP,,Boolean,,PORT1,,,,,,,,,,X,70,X46
X0047,EQP,,Boolean,,PORT1,,,,,,,,,,X,71,X47
X0048,EQP,,Boolean,,PORT1,,,,,,,,,,X,72,X48
X0049,EQP,,Boolean,,PORT1,,,,,,,,,,X,73,X49
X004A,EQP,,Boolean,,PORT1,,,,,,,,,,X,74,X4A
X004B,EQP,,Boolean,,PORT1,,,,,,,,,,X,75,X4B
X004C,EQP,,Boolean,,PORT1,,,,,,,,,,X,76,X4C
X004D,EQP,,Boolean,,PORT1,,,,,,,,,,X,77,X4D
X004E,EQP,,Boolean,,PORT1,,,,,,,,,,X,78,X4E
X004F,EQP,,Boolean,,PORT1,,,,,,,,,,X,79,X4F
X0050,EQP,Load Request ,Boolean,,PORT2,Load_Request,1,AOI_1,,,,,,,X,80,X50
X0051,EQP,Unload Request,Boolean,,PORT2,Unload_Request,2,AOI_1,,,,,,,X,81,X51
X0052,EQP,Port Exist,Boolean,,PORT2,Port_Exist,3,AOI_1,,,,,,,X,82,X52
X0053,EQP,UP_POS,Boolean,,PORT2,LD_UP_POS,4,AOI_1,,,,,,,X,83,X53
X0054,EQP,DOWN_POS,Boolean,,PORT2,LD_DOWN_POS,5,AOI_1,,,,,,,X,84,X54
X0055,EQP,EQP Status Down,Boolean,,PORT2,Port_Status_Down,6,AOI_1,,,,,,,X,85,X55
X0056,EQP,,Boolean,,PORT2,,,,,,,,,,X,86,X56
X0057,EQP,,Boolean,,PORT2,,,,,,,,,,X,87,X57
X0058,EQP,,Boolean,,PORT2,,,,,,,,,,X,88,X58
X0059,EQP,,Boolean,,PORT2,,,,,,,,,,X,89,X59
X005A,EQP,,Boolean,,PORT2,,,,,,,,,,X,90,X5A
X005B,EQP,,Boolean,,PORT2,,,,,,,,,,X,91,X5B
X005C,EQP,,Boolean,,PORT2,,,,,,,,,,X,92,X5C
X005D,EQP,,Boolean,,PORT2,,,,,,,,,,X,93,X5D
X005E,EQP,,Boolean,,PORT2,,,,,,,,,,X,94,X5E
X005F,EQP,,Boolean,,PORT2,,,,,,,,,,X,95,X5F
X0060,EQP,Load Request ,Boolean,,PORT1,Load_Request,1,AOI_2,,,,,,,X,96,X60
X0061,EQP,Unload Request,Boolean,,PORT1,Unload_Request,2,AOI_2,,,,,,,X,97,X61
X0062,EQP,Port Exist,Boolean,,PORT1,Port_Exist,3,AOI_2,,,,,,,X,98,X62
X0063,EQP,UP_POS,Boolean,,PORT1,LD_UP_POS,4,AOI_2,,,,,,,X,99,X63
X0064,EQP,DOWN_POS,Boolean,,PORT1,LD_DOWN_POS,5,AOI_2,,,,,,,X,100,X64
X0065,EQP,EQP Status Down,Boolean,,PORT1,Port_Status_Down,6,AOI_2,,,,,,,X,101,X65
X0066,EQP,,Boolean,,PORT1,,,AOI_2,,,,,,,X,102,X66
X0067,EQP,,Boolean,,PORT1,,,AOI_2,,,,,,,X,103,X67
X0068,EQP,,Boolean,,PORT1,,,AOI_2,,,,,,,X,104,X68
X0069,EQP,,Boolean,,PORT1,,,AOI_2,,,,,,,X,105,X69
X006A,EQP,,Boolean,,PORT1,,,AOI_2,,,,,,,X,106,X6A
X006B,EQP,,Boolean,,PORT1,,,AOI_2,,,,,,,X,107,X6B
X006C,EQP,,Boolean,,PORT1,,,AOI_2,,,,,,,X,108,X6C
X006D,EQP,,Boolean,,PORT1,,,AOI_2,,,,,,,X,109,X6D
X006E,EQP,,Boolean,,PORT1,,,AOI_2,,,,,,,X,110,X6E
X006F,EQP,,Boolean,,PORT1,,,AOI_2,,,,,,,X,111,X6F
X0070,EQP,Load Request ,Boolean,,PORT2,Load_Request,1,AOI_2,,,,,,,X,112,X70
X0071,EQP,Unload Request,Boolean,,PORT2,Unload_Request,2,AOI_2,,,,,,,X,113,X71
X0072,EQP,Port Exist,Boolean,,PORT2,Port_Exist,3,AOI_2,,,,,,,X,114,X72
X0073,EQP,UP_POS,Boolean,,PORT2,LD_UP_POS,4,AOI_2,,,,,,,X,115,X73
X0074,EQP,DOWN_POS,Boolean,,PORT2,LD_DOWN_POS,5,AOI_2,,,,,,,X,116,X74
X0075,EQP,EQP Status Down,Boolean,,PORT2,Port_Status_Down,6,AOI_2,,,,,,,X,117,X75
X0076,EQP,,Boolean,,PORT2,,,AOI_2,,,,,,,X,118,X76
X0077,EQP,,Boolean,,PORT2,,,AOI_2,,,,,,,X,119,X77
X0078,EQP,,Boolean,,PORT2,,,AOI_2,,,,,,,X,120,X78
X0079,EQP,,Boolean,,PORT2,,,AOI_2,,,,,,,X,121,X79
X007A,EQP,,Boolean,,PORT2,,,AOI_2,,,,,,,X,122,X7A
X007B,EQP,,Boolean,,PORT2,,,AOI_2,,,,,,,X,123,X7B
X007C,EQP,,Boolean,,PORT2,,,AOI_2,,,,,,,X,124,X7C
X007D,EQP,,Boolean,,PORT2,,,AOI_2,,,,,,,X,125,X7D
X007E,EQP,,Boolean,,PORT2,,,AOI_2,,,,,,,X,126,X7E
X007F,EQP,,Boolean,,PORT2,,,AOI_2,,,,,,,X,127,X7F
X0080,EQP,Load Request ,Boolean,,PORT1,Load_Request,1,AOI_3,,,,,,,X,128,X80
X0081,EQP,Unload Request,Boolean,,PORT1,Unload_Request,2,AOI_3,,,,,,,X,129,X81
X0082,EQP,Port Exist,Boolean,,PORT1,Port_Exist,3,AOI_3,,,,,,,X,130,X82
X0083,EQP,UP_POS,Boolean,,PORT1,LD_UP_POS,4,AOI_3,,,,,,,X,131,X83
X0084,EQP,DOWN_POS,Boolean,,PORT1,LD_DOWN_POS,5,AOI_3,,,,,,,X,132,X84
X0085,EQP,EQP Status Down,Boolean,,PORT1,Port_Status_Down,6,AOI_3,,,,,,,X,133,X85
X0086,EQP,,Boolean,,PORT1,,,AOI_3,,,,,,,X,134,X86
X0087,EQP,,Boolean,,PORT1,,,AOI_3,,,,,,,X,135,X87
X0088,EQP,,Boolean,,PORT1,,,AOI_3,,,,,,,X,136,X88
X0089,EQP,,Boolean,,PORT1,,,AOI_3,,,,,,,X,137,X89
X008A,EQP,,Boolean,,PORT1,,,AOI_3,,,,,,,X,138,X8A
X008B,EQP,,Boolean,,PORT1,,,AOI_3,,,,,,,X,139,X8B
X008C,EQP,,Boolean,,PORT1,,,AOI_3,,,,,,,X,140,X8C
X008D,EQP,,Boolean,,PORT1,,,AOI_3,,,,,,,X,141,X8D
X008E,EQP,,Boolean,,PORT1,,,AOI_3,,,,,,,X,142,X8E
X008F,EQP,,Boolean,,PORT1,,,AOI_3,,,,,,,X,143,X8F
X0090,EQP,Load Request ,Boolean,,PORT2,Load_Request,1,AOI_3,,,,,,,X,144,X90
X0091,EQP,Unload Request,Boolean,,PORT2,Unload_Request,2,AOI_3,,,,,,,X,145,X91
X0092,EQP,Port Exist,Boolean,,PORT2,Port_Exist,3,AOI_3,,,,,,,X,146,X92
X0093,EQP,UP_POS,Boolean,,PORT2,LD_UP_POS,4,AOI_3,,,,,,,X,147,X93
X0094,EQP,DOWN_POS,Boolean,,PORT2,LD_DOWN_POS,5,AOI_3,,,,,,,X,148,X94
X0095,EQP,EQP Status Down,Boolean,,PORT2,Port_Status_Down,6,AOI_3,,,,,,,X,149,X95
X0096,EQP,,Boolean,,PORT2,,,AOI_3,,,,,,,X,150,X96
X0097,EQP,,Boolean,,PORT2,,,AOI_3,,,,,,,X,151,X97
X0098,EQP,,Boolean,,PORT2,,,AOI_3,,,,,,,X,152,X98
X0099,EQP,,Boolean,,PORT2,,,AOI_3,,,,,,,X,153,X99
X009A,EQP,,Boolean,,PORT2,,,AOI_3,,,,,,,X,154,X9A
X009B,EQP,,Boolean,,PORT2,,,AOI_3,,,,,,,X,155,X9B
X009C,EQP,,Boolean,,PORT2,,,AOI_3,,,,,,,X,156,X9C
X009D,EQP,,Boolean,,PORT2,,,AOI_3,,,,,,,X,157,X9D
X009E,EQP,,Boolean,,PORT2,,,AOI_3,,,,,,,X,158,X9E
X009F,EQP,,Boolean,,PORT2,,,AOI_3,,,,,,,X,159,X9F
X00A0,EQP,Load Request ,Boolean,,PORT1,Load_Request,1,AOI_4,,,,,,,X,160,XA0
X00A1,EQP,Unload Request,Boolean,,PORT1,Unload_Request,2,AOI_4,,,,,,,X,161,XA1
X00A2,EQP,Port Exist,Boolean,,PORT1,Port_Exist,3,AOI_4,,,,,,,X,162,XA2
X00A3,EQP,UP_POS,Boolean,,PORT1,LD_UP_POS,4,AOI_4,,,,,,,X,163,XA3
X00A4,EQP,DOWN_POS,Boolean,,PORT1,LD_DOWN_POS,5,AOI_4,,,,,,,X,164,XA4
X00A5,EQP,EQP Status Down,Boolean,,PORT1,Port_Status_Down,6,AOI_4,,,,,,,X,165,XA5
X00A6,EQP,,Boolean,,PORT1,,,AOI_4,,,,,,,X,166,XA6
X00A7,EQP,,Boolean,,PORT1,,,AOI_4,,,,,,,X,167,XA7
X00A8,EQP,,Boolean,,PORT1,,,AOI_4,,,,,,,X,168,XA8
X00A9,EQP,,Boolean,,PORT1,,,AOI_4,,,,,,,X,169,XA9
X00AA,EQP,,Boolean,,PORT1,,,AOI_4,,,,,,,X,170,XAA
X00AB,EQP,,Boolean,,PORT1,,,AOI_4,,,,,,,X,171,XAB
X00AC,EQP,,Boolean,,PORT1,,,AOI_4,,,,,,,X,172,XAC
X00AD,EQP,,Boolean,,PORT1,,,AOI_4,,,,,,,X,173,XAD
X00AE,EQP,,Boolean,,PORT1,,,AOI_4,,,,,,,X,174,XAE
X00AF,EQP,,Boolean,,PORT1,,,AOI_4,,,,,,,X,175,XAF
X00B0,EQP,Load Request ,Boolean,,PORT2,Load_Request,1,AOI_4,,,,,,,X,176,XB0
X00B1,EQP,Unload Request,Boolean,,PORT2,Unload_Request,2,AOI_4,,,,,,,X,177,XB1
X00B2,EQP,Port Exist,Boolean,,PORT2,Port_Exist,3,AOI_4,,,,,,,X,178,XB2
X00B3,EQP,UP_POS,Boolean,,PORT2,LD_UP_POS,4,AOI_4,,,,,,,X,179,XB3
X00B4,EQP,DOWN_POS,Boolean,,PORT2,LD_DOWN_POS,5,AOI_4,,,,,,,X,180,XB4
X00B5,EQP,EQP Status Down,Boolean,,PORT2,Port_Status_Down,6,AOI_4,,,,,,,X,181,XB5
X00B6,EQP,,Boolean,,PORT2,,,AOI_4,,,,,,,X,182,XB6
X00B7,EQP,,Boolean,,PORT2,,,AOI_4,,,,,,,X,183,XB7
X00B8,EQP,,Boolean,,PORT2,,,AOI_4,,,,,,,X,184,XB8
X00B9,EQP,,Boolean,,PORT2,,,AOI_4,,,,,,,X,185,XB9
X00BA,EQP,,Boolean,,PORT2,,,AOI_4,,,,,,,X,186,XBA
X00BB,EQP,,Boolean,,PORT2,,,AOI_4,,,,,,,X,187,XBB
X00BC,EQP,,Boolean,,PORT2,,,AOI_4,,,,,,,X,188,XBC
X00BD,EQP,,Boolean,,PORT2,,,AOI_4,,,,,,,X,189,XBD
X00BE,EQP,,Boolean,,PORT2,,,AOI_4,,,,,,,X,190,XBE
X00BF,EQP,,Boolean,,PORT2,,,AOI_4,,,,,,,X,191,XBF
X00C0,EQP,Load Request ,Boolean,,PORT1,Load_Request,1,AOS_1,,,,,,,X,192,XC0
X00C1,EQP,Unload Request,Boolean,,PORT1,Unload_Request,2,AOS_1,,,,,,,X,193,XC1
X00C2,EQP,Port Exist,Boolean,,PORT1,Port_Exist,3,AOS_1,,,,,,,X,194,XC2
X00C3,EQP,UP_POS,Boolean,,PORT1,LD_UP_POS,4,AOS_1,,,,,,,X,195,XC3
X00C4,EQP,DOWN_POS,Boolean,,PORT1,LD_DOWN_POS,5,AOS_1,,,,,,,X,196,XC4
X00C5,EQP,EQP Status Down,Boolean,,PORT1,Port_Status_Down,6,AOS_1,,,,,,,X,197,XC5
X00C6,EQP,,Boolean,,PORT1,,,AOS_1,,,,,,,X,198,XC6
X00C7,EQP,,Boolean,,PORT1,,,AOS_1,,,,,,,X,199,XC7
X00C8,EQP,,Boolean,,PORT1,,,AOS_1,,,,,,,X,200,XC8
X00C9,EQP,,Boolean,,PORT1,,,AOS_1,,,,,,,X,201,XC9
X00CA,EQP,,Boolean,,PORT1,,,AOS_1,,,,,,,X,202,XCA
X00CB,EQP,,Boolean,,PORT1,,,AOS_1,,,,,,,X,203,XCB
X00CC,EQP,,Boolean,,PORT1,,,AOS_1,,,,,,,X,204,XCC
X00CD,EQP,,Boolean,,PORT1,,,AOS_1,,,,,,,X,205,XCD
X00CE,EQP,,Boolean,,PORT1,,,AOS_1,,,,,,,X,206,XCE
X00CF,EQP,,Boolean,,PORT1,,,AOS_1,,,,,,,X,207,XCF
X00D0,EQP,Load Request ,Boolean,,PORT2,Load_Request,1,AOS_1,,,,,,,X,208,XD0
X00D1,EQP,Unload Request,Boolean,,PORT2,Unload_Request,2,AOS_1,,,,,,,X,209,XD1
X00D2,EQP,Port Exist,Boolean,,PORT2,Port_Exist,3,AOS_1,,,,,,,X,210,XD2
X00D3,EQP,UP_POS,Boolean,,PORT2,LD_UP_POS,4,AOS_1,,,,,,,X,211,XD3
X00D4,EQP,DOWN_POS,Boolean,,PORT2,LD_DOWN_POS,5,AOS_1,,,,,,,X,212,XD4
X00D5,EQP,EQP Status Down,Boolean,,PORT2,Port_Status_Down,6,AOS_1,,,,,,,X,213,XD5
X00D6,EQP,,Boolean,,PORT2,,,AOS_1,,,,,,,X,214,XD6
X00D7,EQP,,Boolean,,PORT2,,,AOS_1,,,,,,,X,215,XD7
X00D8,EQP,,Boolean,,PORT2,,,AOS_1,,,,,,,X,216,XD8
X00D9,EQP,,Boolean,,PORT2,,,AOS_1,,,,,,,X,217,XD9
X00DA,EQP,,Boolean,,PORT2,,,AOS_1,,,,,,,X,218,XDA
X00DB,EQP,,Boolean,,PORT2,,,AOS_1,,,,,,,X,219,XDB
X00DC,EQP,,Boolean,,PORT2,,,AOS_1,,,,,,,X,220,XDC
X00DD,EQP,,Boolean,,PORT2,,,AOS_1,,,,,,,X,221,XDD
X00DE,EQP,,Boolean,,PORT2,,,AOS_1,,,,,,,X,222,XDE
X00DF,EQP,,Boolean,,PORT2,,,AOS_1,,,,,,,X,223,XDF
X00E0,EQP,Load Request ,Boolean,,PORT1,Load_Request,1,AOS_2,,,,,,,X,224,XE0
X00E1,EQP,Unload Request,Boolean,,PORT1,Unload_Request,2,AOS_2,,,,,,,X,225,XE1
X00E2,EQP,Port Exist,Boolean,,PORT1,Port_Exist,3,AOS_2,,,,,,,X,226,XE2
X00E3,EQP,UP_POS,Boolean,,PORT1,LD_UP_POS,4,AOS_2,,,,,,,X,227,XE3
X00E4,EQP,DOWN_POS,Boolean,,PORT1,LD_DOWN_POS,5,AOS_2,,,,,,,X,228,XE4
X00E5,EQP,EQP Status Down,Boolean,,PORT1,Port_Status_Down,6,AOS_2,,,,,,,X,229,XE5
X00E6,EQP,,Boolean,,PORT1,,,AOS_2,,,,,,,X,230,XE6
X00E7,EQP,,Boolean,,PORT1,,,AOS_2,,,,,,,X,231,XE7
X00E8,EQP,,Boolean,,PORT1,,,AOS_2,,,,,,,X,232,XE8
X00E9,EQP,,Boolean,,PORT1,,,AOS_2,,,,,,,X,233,XE9
X00EA,EQP,,Boolean,,PORT1,,,AOS_2,,,,,,,X,234,XEA
X00EB,EQP,,Boolean,,PORT1,,,AOS_2,,,,,,,X,235,XEB
X00EC,EQP,,Boolean,,PORT1,,,AOS_2,,,,,,,X,236,XEC
X00ED,EQP,,Boolean,,PORT1,,,AOS_2,,,,,,,X,237,XED
X00EE,EQP,,Boolean,,PORT1,,,AOS_2,,,,,,,X,238,XEE
X00EF,EQP,,Boolean,,PORT1,,,AOS_2,,,,,,,X,239,XEF
X00F0,EQP,Load Request ,Boolean,,PORT2,Load_Request,1,AOS_2,,,,,,,X,240,XF0
X00F1,EQP,Unload Request,Boolean,,PORT2,Unload_Request,2,AOS_2,,,,,,,X,241,XF1
X00F2,EQP,Port Exist,Boolean,,PORT2,Port_Exist,3,AOS_2,,,,,,,X,242,XF2
X00F3,EQP,UP_POS,Boolean,,PORT2,LD_UP_POS,4,AOS_2,,,,,,,X,243,XF3
X00F4,EQP,DOWN_POS,Boolean,,PORT2,LD_DOWN_POS,5,AOS_2,,,,,,,X,244,XF4
X00F5,EQP,EQP Status Down,Boolean,,PORT2,Port_Status_Down,6,AOS_2,,,,,,,X,245,XF5
X00F6,EQP,,Boolean,,PORT2,,,AOS_2,,,,,,,X,246,XF6
X00F7,EQP,,Boolean,,PORT2,,,AOS_2,,,,,,,X,247,XF7
X00F8,EQP,,Boolean,,PORT2,,,AOS_2,,,,,,,X,248,XF8
X00F9,EQP,,Boolean,,PORT2,,,AOS_2,,,,,,,X,249,XF9
X00FA,EQP,,Boolean,,PORT2,,,AOS_2,,,,,,,X,250,XFA
X00FB,EQP,,Boolean,,PORT2,,,AOS_2,,,,,,,X,251,XFB
X00FC,EQP,,Boolean,,PORT2,,,AOS_2,,,,,,,X,252,XFC
X00FD,EQP,,Boolean,,PORT2,,,AOS_2,,,,,,,X,253,XFD
X00FE,EQP,,Boolean,,PORT2,,,AOS_2,,,,,,,X,254,XFE
X00FF,EQP,,Boolean,,PORT2,,,AOS_2,,,,,,,X,255,XFF
X0100,EQP,Load Request ,Boolean,,PORT1,Load_Request,1,AOS_3,,,,,,,X,256,X100
X0101,EQP,Unload Request,Boolean,,PORT1,Unload_Request,2,AOS_3,,,,,,,X,257,X101
X0102,EQP,Port Exist,Boolean,,PORT1,Port_Exist,3,AOS_3,,,,,,,X,258,X102
X0103,EQP,UP_POS,Boolean,,PORT1,LD_UP_POS,4,AOS_3,,,,,,,X,259,X103
X0104,EQP,DOWN_POS,Boolean,,PORT1,LD_DOWN_POS,5,AOS_3,,,,,,,X,260,X104
X0105,EQP,EQP Status Down,Boolean,,PORT1,Port_Status_Down,6,AOS_3,,,,,,,X,261,X105
X0106,EQP,,Boolean,,PORT1,,,AOS_3,,,,,,,X,262,X106
X0107,EQP,,Boolean,,PORT1,,,AOS_3,,,,,,,X,263,X107
X0108,EQP,,Boolean,,PORT1,,,AOS_3,,,,,,,X,264,X108
X0109,EQP,,Boolean,,PORT1,,,AOS_3,,,,,,,X,265,X109
X010A,EQP,,Boolean,,PORT1,,,AOS_3,,,,,,,X,266,X10A
X010B,EQP,,Boolean,,PORT1,,,AOS_3,,,,,,,X,267,X10B
X010C,EQP,,Boolean,,PORT1,,,AOS_3,,,,,,,X,268,X10C
X010D,EQP,,Boolean,,PORT1,,,AOS_3,,,,,,,X,269,X10D
X010E,EQP,,Boolean,,PORT1,,,AOS_3,,,,,,,X,270,X10E
X010F,EQP,,Boolean,,PORT1,,,AOS_3,,,,,,,X,271,X10F
X0110,EQP,Load Request ,Boolean,,PORT2,Load_Request,1,AOS_3,,,,,,,X,272,X110
X0111,EQP,Unload Request,Boolean,,PORT2,Unload_Request,2,AOS_3,,,,,,,X,273,X111
X0112,EQP,Port Exist,Boolean,,PORT2,Port_Exist,3,AOS_3,,,,,,,X,274,X112
X0113,EQP,UP_POS,Boolean,,PORT2,LD_UP_POS,4,AOS_3,,,,,,,X,275,X113
X0114,EQP,DOWN_POS,Boolean,,PORT2,LD_DOWN_POS,5,AOS_3,,,,,,,X,276,X114
X0115,EQP,EQP Status Down,Boolean,,PORT2,Port_Status_Down,6,AOS_3,,,,,,,X,277,X115
X0116,EQP,,Boolean,,PORT2,,,AOS_3,,,,,,,X,278,X116
X0117,EQP,,Boolean,,PORT2,,,AOS_3,,,,,,,X,279,X117
X0118,EQP,,Boolean,,PORT2,,,AOS_3,,,,,,,X,280,X118
X0119,EQP,,Boolean,,PORT2,,,AOS_3,,,,,,,X,281,X119
X011A,EQP,,Boolean,,PORT2,,,AOS_3,,,,,,,X,282,X11A
X011B,EQP,,Boolean,,PORT2,,,AOS_3,,,,,,,X,283,X11B
X011C,EQP,,Boolean,,PORT2,,,AOS_3,,,,,,,X,284,X11C
X011D,EQP,,Boolean,,PORT2,,,AOS_3,,,,,,,X,285,X11D
X011E,EQP,,Boolean,,PORT2,,,AOS_3,,,,,,,X,286,X11E
X011F,EQP,,Boolean,,PORT2,,,AOS_3,,,,,,,X,287,X11F
X0120,EQP,Load Request ,Boolean,,PORT1,Load_Request,1,AOS_4,,,,,,,X,288,X120
X0121,EQP,Unload Request,Boolean,,PORT1,Unload_Request,2,AOS_4,,,,,,,X,289,X121
X0122,EQP,Port Exist,Boolean,,PORT1,Port_Exist,3,AOS_4,,,,,,,X,290,X122
X0123,EQP,UP_POS,Boolean,,PORT1,LD_UP_POS,4,AOS_4,,,,,,,X,291,X123
X0124,EQP,DOWN_POS,Boolean,,PORT1,LD_DOWN_POS,5,AOS_4,,,,,,,X,292,X124
X0125,EQP,EQP Status Down,Boolean,,PORT1,Port_Status_Down,6,AOS_4,,,,,,,X,293,X125
X0126,EQP,,Boolean,,PORT1,,,AOS_4,,,,,,,X,294,X126
X0127,EQP,,Boolean,,PORT1,,,AOS_4,,,,,,,X,295,X127
X0128,EQP,,Boolean,,PORT1,,,AOS_4,,,,,,,X,296,X128
X0129,EQP,,Boolean,,PORT1,,,AOS_4,,,,,,,X,297,X129
X012A,EQP,,Boolean,,PORT1,,,AOS_4,,,,,,,X,298,X12A
X012B,EQP,,Boolean,,PORT1,,,AOS_4,,,,,,,X,299,X12B
X012C,EQP,,Boolean,,PORT1,,,AOS_4,,,,,,,X,300,X12C
X012D,EQP,,Boolean,,PORT1,,,AOS_4,,,,,,,X,301,X12D
X012E,EQP,,Boolean,,PORT1,,,AOS_4,,,,,,,X,302,X12E
X012F,EQP,,Boolean,,PORT1,,,AOS_4,,,,,,,X,303,X12F
X0130,EQP,Load Request ,Boolean,,PORT2,Load_Request,1,AOS_4,,,,,,,X,304,X130
X0131,EQP,Unload Request,Boolean,,PORT2,Unload_Request,2,AOS_4,,,,,,,X,305,X131
X0132,EQP,Port Exist,Boolean,,PORT2,Port_Exist,3,AOS_4,,,,,,,X,306,X132
X0133,EQP,UP_POS,Boolean,,PORT2,LD_UP_POS,4,AOS_4,,,,,,,X,307,X133
X0134,EQP,DOWN_POS,Boolean,,PORT2,LD_DOWN_POS,5,AOS_4,,,,,,,X,308,X134
X0135,EQP,EQP Status Down,Boolean,,PORT2,Port_Status_Down,6,AOS_4,,,,,,,X,309,X135
X0136,EQP,,Boolean,,PORT2,,,AOS_4,,,,,,,X,310,X136
X0137,EQP,,Boolean,,PORT2,,,AOS_4,,,,,,,X,311,X137
X0138,EQP,,Boolean,,PORT2,,,AOS_4,,,,,,,X,312,X138
X0139,EQP,,Boolean,,PORT2,,,AOS_4,,,,,,,X,313,X139
X013A,EQP,,Boolean,,PORT2,,,AOS_4,,,,,,,X,314,X13A
X013B,EQP,,Boolean,,PORT2,,,AOS_4,,,,,,,X,315,X13B
X013C,EQP,,Boolean,,PORT2,,,AOS_4,,,,,,,X,316,X13C
X013D,EQP,,Boolean,,PORT2,,,AOS_4,,,,,,,X,317,X13D
X013E,EQP,,Boolean,,PORT2,,,AOS_4,,,,,,,X,318,X13E
X013F,EQP,,Boolean,,PORT2,,,AOS_4,,,,,,,X,319,X13F
X0140,EQP,EQP Status Run,Boolean,,EQ,EQP_RUN,,TS_1,,,,,,,X,320,X140
X0141,EQP,EQP Status Idle,Boolean,,EQ,EQP_IDLE,,TS_1,,,,,,,X,321,X141
X0142,EQP,EQP Status Down,Boolean,,EQ,EQP_DOWN,,TS_1,,,,,,,X,322,X142
X0143,EQP,,Boolean,,PORT1,,,TS_1,,,,,,,X,323,X143
X0144,EQP,,Boolean,,PORT1,,,TS_1,,,,,,,X,324,X144
X0145,EQP,,Boolean,,PORT1,,,TS_1,,,,,,,X,325,X145
X0146,EQP,,Boolean,,PORT1,,,TS_1,,,,,,,X,326,X146
X0147,EQP,,Boolean,,PORT1,,,TS_1,,,,,,,X,327,X147
X0148,EQP,,Boolean,,PORT1,,,TS_1,,,,,,,X,328,X148
X0149,EQP,Load_Request,Boolean,,PORT1,Load_Request,6,TS_1,,,,,,,X,329,X149
X014A,EQP,Unload_Request,Boolean,,PORT1,Unload_Request,7,TS_1,,,,,,,X,330,X14A
X014B,EQP,Port_Exist,Boolean,,PORT1,Port_Exist,8,TS_1,,,,,,,X,331,X14B
X014C,EQP,Port Status Down,Boolean,,PORT1,Port_Status_Down,11,TS_1,,,,,,,X,332,X14C
X014D,EQP,LD_UP_POS,Boolean,,PORT1,LD_UP_POS,9,TS_1,,,,,,,X,333,X14D
X014E,EQP,LD_DOWN_POS,Boolean,,PORT1,LD_DOWN_POS,10,TS_1,,,,,,,X,334,X14E
X014F,EQP,Door Opened,Boolean,,PORT1,Door_Opened,13,TS_1,,,,,,,X,335,X14F
X0150,EQP,TB_DOWN_POS,Boolean,,PORT1,TB_DOWN_POS,12,TS_1,,,,,,,X,336,X150
X0151,EQP,,Boolean,,PORT1,,,TS_1,,,,,,,X,337,X151
X0152,EQP,,Boolean,,PORT1,,,TS_1,,,,,,,X,338,X152
X0153,EQP,,Boolean,,PORT1,,,TS_1,,,,,,,X,339,X153
X0154,EQP,,Boolean,,PORT1,,,TS_1,,,,,,,X,340,X154
X0155,EQP,,Boolean,,PORT1,,,TS_1,,,,,,,X,341,X155
X0156,EQP,Carrier WaitIn System Request (Flag),Boolean,,PORT1,Carrier_WaitIn_System_Request,,TS_1,,,,,,,X,342,X156
X0157,EQP,Carrier WaitOut System Report (Flag),Boolean,,PORT1,Carrier_WaitOut_System_Report,,TS_1,,,,,,,X,343,X157
X0158,EQP,Carrier Removed Completed Report,Boolean,,PORT1,Carrier_Removed_Completed_Report,,TS_1,,,,,,,X,344,X158
X0159,EQP,Carrier Force In System Request,Boolean,,PORT1,Carrier_Force_In_System_Request,,TS_1,,,,,,,X,345,X159
X015A,EQP,,Boolean,,PORT1,,,TS_1,,,,,,,X,346,X15A
X015B,EQP,,Boolean,,PORT1,,,TS_1,,,,,,,X,347,X15B
X015C,EQP,,Boolean,,PORT1,,,TS_1,,,,,,,X,348,X15C
X015D,EQP,,Boolean,,PORT1,,,TS_1,,,,,,,X,349,X15D
X015E,EQP,,Boolean,,PORT1,,,TS_1,,,,,,,X,350,X15E
X015F,EQP,Port Mode Change Accept (Flag),Boolean,,PORT1,Port_Mode_Change_Accept,,TS_1,,,,,,,X,351,X15F
X0160,EQP,Port Mode Changed Refuse (Flag),Boolean,,PORT1,Port_Mode_Changed_Refuse,,TS_1,,,,,,,X,352,X160
X0161,EQP,Port Mode Changed Report(Flag),Boolean,,PORT1,Port_Mode_Changed_Report,,TS_1,,,,,,,X,353,X161
X0162,EQP,Port Disabled Report,Boolean,,PORT1,Port_Disabled_Report,,TS_1,,,,,,,X,354,X162
X0163,EQP,Port Enabled Report,Boolean,,PORT1,Port_Enabled_Report,,TS_1,,,,,,,X,355,X163
X0164,EQP,,Boolean,,PORT1,,,TS_1,,,,,,,X,356,X164
X0165,EQP,,Boolean,,PORT1,,,TS_1,,,,,,,X,357,X165
X0166,EQP,,Boolean,,PORT1,,,TS_1,,,,,,,X,358,X166
X0167,EQP,,Boolean,,PORT1,,,TS_1,,,,,,,X,359,X167
X0168,EQP,,Boolean,,PORT1,,,TS_1,,,,,,,X,360,X168
X0169,EQP,,Boolean,,PORT1,,,TS_1,,,,,,,X,361,X169
X016A,EQP,,Boolean,,PORT1,,,TS_1,,,,,,,X,362,X16A
X016B,EQP,,Boolean,,PORT1,,,TS_1,,,,,,,X,363,X16B
X016C,EQP,,Boolean,,PORT1,,,TS_1,,,,,,,X,364,X16C
X016D,EQP,Load_Request,Boolean,,PORT2,Load_Request,6,TS_1,,,,,,,X,365,X16D
X016E,EQP,Unload_Request,Boolean,,PORT2,Unload_Request,7,TS_1,,,,,,,X,366,X16E
X016F,EQP,Port_Exist,Boolean,,PORT2,Port_Exist,8,TS_1,,,,,,,X,367,X16F
X0170,EQP,Port Status Down,Boolean,,PORT2,Port_Status_Down,11,TS_1,,,,,,,X,368,X170
X0171,EQP,LD_UP_POS,Boolean,,PORT2,LD_UP_POS,9,TS_1,,,,,,,X,369,X171
X0172,EQP,LD_DOWN_POS,Boolean,,PORT2,LD_DOWN_POS,10,TS_1,,,,,,,X,370,X172
X0173,EQP,Door Opened,Boolean,,PORT2,Door_Opened,13,TS_1,,,,,,,X,371,X173
X0174,EQP,TB_DOWN_POS,Boolean,,PORT2,TB_DOWN_POS,12,TS_1,,,,,,,X,372,X174
X0175,EQP,,Boolean,,PORT2,,,TS_1,,,,,,,X,373,X175
X0176,EQP,,Boolean,,PORT2,,,TS_1,,,,,,,X,374,X176
X0177,EQP,,Boolean,,PORT2,,,TS_1,,,,,,,X,375,X177
X0178,EQP,,Boolean,,PORT2,,,TS_1,,,,,,,X,376,X178
X0179,EQP,,Boolean,,PORT2,,,TS_1,,,,,,,X,377,X179
X017A,EQP,Carrier WaitIn System Request (Flag),Boolean,,PORT2,Carrier_WaitIn_System_Request,,TS_1,,,,,,,X,378,X17A
X017B,EQP,Carrier WaitOut System Report (Flag),Boolean,,PORT2,Carrier_WaitOut_System_Report,,TS_1,,,,,,,X,379,X17B
X017C,EQP,Carrier Removed Completed Report,Boolean,,PORT2,Carrier_Removed_Completed_Report,,TS_1,,,,,,,X,380,X17C
X017D,EQP,Carrier Force In System Request,Boolean,,PORT2,Carrier_Force_In_System_Request,,TS_1,,,,,,,X,381,X17D
X017E,EQP,,Boolean,,PORT2,,,TS_1,,,,,,,X,382,X17E
X017F,EQP,,Boolean,,PORT2,,,TS_1,,,,,,,X,383,X17F
X0180,EQP,,Boolean,,PORT2,,,TS_1,,,,,,,X,384,X180
X0181,EQP,,Boolean,,PORT2,,,TS_1,,,,,,,X,385,X181
X0182,EQP,,Boolean,,PORT2,,,TS_1,,,,,,,X,386,X182
X0183,EQP,Port Mode Change Accept (Flag),Boolean,,PORT2,Port_Mode_Change_Accept,,TS_1,,,,,,,X,387,X183
X0184,EQP,Port Mode Changed Refuse (Flag),Boolean,,PORT2,Port_Mode_Changed_Refuse,,TS_1,,,,,,,X,388,X184
X0185,EQP,Port Mode Changed Report(Flag),Boolean,,PORT2,Port_Mode_Changed_Report,,TS_1,,,,,,,X,389,X185
X0186,EQP,Port Disabled Report,Boolean,,PORT2,Port_Disabled_Report,,TS_1,,,,,,,X,390,X186
X0187,EQP,Port Enabled Report,Boolean,,PORT2,Port_Enabled_Report,,TS_1,,,,,,,X,391,X187
X0188,EQP,,Boolean,,,,,TS_1,,,,,,,X,392,X188
X0189,EQP,,Boolean,,,,,TS_1,,,,,,,X,393,X189
X018A,EQP,,Boolean,,,,,TS_1,,,,,,,X,394,X18A
X018B,EQP,,Boolean,,,,,TS_1,,,,,,,X,395,X18B
X018C,EQP,,Boolean,,,,,TS_1,,,,,,,X,396,X18C
X018D,EQP,,Boolean,,,,,TS_1,,,,,,,X,397,X18D
X018E,EQP,,Boolean,,,,,TS_1,,,,,,,X,398,X18E
X018F,EQP,,Boolean,,,,,TS_1,,,,,,,X,399,X18F
X0190,EQP,,Boolean,,,,,TS_1,,,,,,,X,400,X190
X0191,EQP,,Boolean,,,,,TS_1,,,,,,,X,401,X191
X0192,EQP,,Boolean,,,,,TS_1,,,,,,,X,402,X192
X0193,EQP,,Boolean,,,,,TS_1,,,,,,,X,403,X193
X0194,EQP,,Boolean,,,,,TS_1,,,,,,,X,404,X194
X0195,EQP,,Boolean,,,,,TS_1,,,,,,,X,405,X195
X0196,EQP,,Boolean,,,,,TS_1,,,,,,,X,406,X196
X0197,EQP,,Boolean,,,,,TS_1,,,,,,,X,407,X197
X0198,EQP,,Boolean,,,,,TS_1,,,,,,,X,408,X198
X0199,EQP,,Boolean,,,,,TS_1,,,,,,,X,409,X199
X019A,EQP,,Boolean,,,,,TS_1,,,,,,,X,410,X19A
X019B,EQP,,Boolean,,,,,TS_1,,,,,,,X,411,X19B
X019C,EQP,,Boolean,,,,,TS_1,,,,,,,X,412,X19C
X019D,EQP,,Boolean,,,,,TS_1,,,,,,,X,413,X19D
X019E,EQP,,Boolean,,,,,TS_1,,,,,,,X,414,X19E
X019F,EQP,,Boolean,,,,,TS_1,,,,,,,X,415,X19F
X01A0,EQP,,Boolean,,,,,TS_1,,,,,,,X,416,X1A0
X01A1,EQP,,Boolean,,,,,TS_1,,,,,,,X,417,X1A1
X01A2,EQP,,Boolean,,,,,TS_1,,,,,,,X,418,X1A2
X01A3,EQP,,Boolean,,,,,TS_1,,,,,,,X,419,X1A3
X01A4,EQP,,Boolean,,,,,TS_1,,,,,,,X,420,X1A4
X01A5,EQP,,Boolean,,,,,TS_1,,,,,,,X,421,X1A5
X01A6,EQP,,Boolean,,,,,TS_1,,,,,,,X,422,X1A6
X01A7,EQP,,Boolean,,,,,TS_1,,,,,,,X,423,X1A7
X01A8,EQP,,Boolean,,,,,TS_1,,,,,,,X,424,X1A8
X01A9,EQP,,Boolean,,,,,TS_1,,,,,,,X,425,X1A9
X01AA,EQP,,Boolean,,,,,TS_1,,,,,,,X,426,X1AA
X01AB,EQP,,Boolean,,,,,TS_1,,,,,,,X,427,X1AB
X01AC,EQP,,Boolean,,,,,TS_1,,,,,,,X,428,X1AC
X01AD,EQP,,Boolean,,,,,TS_1,,,,,,,X,429,X1AD
X01AE,EQP,,Boolean,,,,,TS_1,,,,,,,X,430,X1AE
X01AF,EQP,,Boolean,,,,,TS_1,,,,,,,X,431,X1AF
X01B0,EQP,,Boolean,,,,,TS_1,,,,,,,X,432,X1B0
X01B1,EQP,,Boolean,,,,,TS_1,,,,,,,X,433,X1B1
X01B2,EQP,,Boolean,,,,,TS_1,,,,,,,X,434,X1B2
X01B3,EQP,,Boolean,,,,,TS_1,,,,,,,X,435,X1B3
X01B4,EQP,,Boolean,,,,,TS_1,,,,,,,X,436,X1B4
X01B5,EQP,,Boolean,,,,,TS_1,,,,,,,X,437,X1B5
X01B6,EQP,,Boolean,,,,,TS_1,,,,,,,X,438,X1B6
X01B7,EQP,,Boolean,,,,,TS_1,,,,,,,X,439,X1B7
X01B8,EQP,,Boolean,,,,,TS_1,,,,,,,X,440,X1B8
X01B9,EQP,,Boolean,,,,,TS_1,,,,,,,X,441,X1B9
X01BA,EQP,,Boolean,,,,,TS_1,,,,,,,X,442,X1BA
X01BB,EQP,,Boolean,,,,,TS_1,,,,,,,X,443,X1BB
X01BC,EQP,,Boolean,,,,,TS_1,,,,,,,X,444,X1BC
X01BD,EQP,,Boolean,,,,,TS_1,,,,,,,X,445,X1BD
X01BE,EQP,,Boolean,,,,,TS_1,,,,,,,X,446,X1BE
X01BF,EQP,,Boolean,,,,,TS_1,,,,,,,X,447,X1BF
X01C0,EQP,EQP Status Run,Boolean,,EQ,EQP_RUN,,TS_2_1,,,,,,,X,448,X1C0
X01C1,EQP,EQP Status Idle,Boolean,,EQ,EQP_IDLE,,TS_2_1,,,,,,,X,449,X1C1
X01C2,EQP,EQP Status Down,Boolean,,EQ,EQP_DOWN,,TS_2_1,,,,,,,X,450,X1C2
X01C3,EQP,,Boolean,,PORT1,,,TS_2_1,,,,,,,X,451,X1C3
X01C4,EQP,,Boolean,,PORT1,,,TS_2_1,,,,,,,X,452,X1C4
X01C5,EQP,,Boolean,,PORT1,,,TS_2_1,,,,,,,X,453,X1C5
X01C6,EQP,,Boolean,,PORT1,,,TS_2_1,,,,,,,X,454,X1C6
X01C7,EQP,,Boolean,,PORT1,,,TS_2_1,,,,,,,X,455,X1C7
X01C8,EQP,,Boolean,,PORT1,,,TS_2_1,,,,,,,X,456,X1C8
X01C9,EQP,Load_Request,Boolean,,PORT1,Load_Request,6,TS_2_1,,,,,,,X,457,X1C9
X01CA,EQP,Unload_Request,Boolean,,PORT1,Unload_Request,7,TS_2_1,,,,,,,X,458,X1CA
X01CB,EQP,Port_Exist,Boolean,,PORT1,Port_Exist,8,TS_2_1,,,,,,,X,459,X1CB
X01CC,EQP,Port Status Down,Boolean,,PORT1,Port_Status_Down,11,TS_2_1,,,,,,,X,460,X1CC
X01CD,EQP,LD_UP_POS,Boolean,,PORT1,LD_UP_POS,9,TS_2_1,,,,,,,X,461,X1CD
X01CE,EQP,LD_DOWN_POS,Boolean,,PORT1,LD_DOWN_POS,10,TS_2_1,,,,,,,X,462,X1CE
X01CF,EQP,Door Opened,Boolean,,PORT1,Door_Opened,13,TS_2_1,,,,,,,X,463,X1CF
X01D0,EQP,,Boolean,,PORT1,TB_DOWN_POS,12,TS_2_1,,,,,,,X,464,X1D0
X01D1,EQP,,Boolean,,PORT1,,,TS_2_1,,,,,,,X,465,X1D1
X01D2,EQP,,Boolean,,PORT1,,,TS_2_1,,,,,,,X,466,X1D2
X01D3,EQP,,Boolean,,PORT1,,,TS_2_1,,,,,,,X,467,X1D3
X01D4,EQP,,Boolean,,PORT1,,,TS_2_1,,,,,,,X,468,X1D4
X01D5,EQP,,Boolean,,PORT1,,,TS_2_1,,,,,,,X,469,X1D5
X01D6,EQP,Carrier WaitIn System Request (Flag),Boolean,,PORT1,Carrier_WaitIn_System_Request,,TS_2_1,,,,,,,X,470,X1D6
X01D7,EQP,Carrier WaitOut System Report (Flag),Boolean,,PORT1,Carrier_WaitOut_System_Report,,TS_2_1,,,,,,,X,471,X1D7
X01D8,EQP,Carrier Removed Completed Report,Boolean,,PORT1,Carrier_Removed_Completed_Report,,TS_2_1,,,,,,,X,472,X1D8
X01D9,EQP,Carrier Force In System Request,Boolean,,PORT1,Carrier_Force_In_System_Request,,TS_2_1,,,,,,,X,473,X1D9
X01DA,EQP,,Boolean,,PORT1,,,TS_2_1,,,,,,,X,474,X1DA
X01DB,EQP,,Boolean,,PORT1,,,TS_2_1,,,,,,,X,475,X1DB
X01DC,EQP,,Boolean,,PORT1,,,TS_2_1,,,,,,,X,476,X1DC
X01DD,EQP,,Boolean,,PORT1,,,TS_2_1,,,,,,,X,477,X1DD
X01DE,EQP,,Boolean,,PORT1,,,TS_2_1,,,,,,,X,478,X1DE
X01DF,EQP,Port Mode Change Accept (Flag),Boolean,,PORT1,Port_Mode_Change_Accept,,TS_2_1,,,,,,,X,479,X1DF
X01E0,EQP,Port Mode Changed Refuse (Flag),Boolean,,PORT1,Port_Mode_Changed_Refuse,,TS_2_1,,,,,,,X,480,X1E0
X01E1,EQP,Port Mode Changed Report(Flag),Boolean,,PORT1,Port_Mode_Changed_Report,,TS_2_1,,,,,,,X,481,X1E1
X01E2,EQP,Port Disabled Report,Boolean,,PORT1,Port_Disabled_Report,,TS_2_1,,,,,,,X,482,X1E2
X01E3,EQP,Port Enabled Report,Boolean,,PORT1,Port_Enabled_Report,,TS_2_1,,,,,,,X,483,X1E3
X01E4,EQP,,Boolean,,,,,TS_2_1,,,,,,,X,484,X1E4
X01E5,EQP,,Boolean,,,,,TS_2_1,,,,,,,X,485,X1E5
X01E6,EQP,,Boolean,,,,,TS_2_1,,,,,,,X,486,X1E6
X01E7,EQP,,Boolean,,,,,TS_2_1,,,,,,,X,487,X1E7
X01E8,EQP,,Boolean,,,,,TS_2_1,,,,,,,X,488,X1E8
X01E9,EQP,,Boolean,,,,,TS_2_1,,,,,,,X,489,X1E9
X01EA,EQP,,Boolean,,,,,TS_2_1,,,,,,,X,490,X1EA
X01EB,EQP,,Boolean,,,,,TS_2_1,,,,,,,X,491,X1EB
X01EC,EQP,,Boolean,,,,,TS_2_1,,,,,,,X,492,X1EC
X01ED,EQP,Load_Request,Boolean,,PORT2,Load_Request,6,TS_2_1,,,,,,,X,493,X1ED
X01EE,EQP,Unload_Request,Boolean,,PORT2,Unload_Request,7,TS_2_1,,,,,,,X,494,X1EE
X01EF,EQP,Port_Exist,Boolean,,PORT2,Port_Exist,8,TS_2_1,,,,,,,X,495,X1EF
X01F0,EQP,Port Status Down,Boolean,,PORT2,Port_Status_Down,11,TS_2_1,,,,,,,X,496,X1F0
X01F1,EQP,LD_UP_POS,Boolean,,PORT2,LD_UP_POS,9,TS_2_1,,,,,,,X,497,X1F1
X01F2,EQP,LD_DOWN_POS,Boolean,,PORT2,LD_DOWN_POS,10,TS_2_1,,,,,,,X,498,X1F2
X01F3,EQP,Door Opened,Boolean,,PORT2,Door_Opened,13,TS_2_1,,,,,,,X,499,X1F3
X01F4,EQP,,Boolean,,PORT2,TB_DOWN_POS,12,TS_2_1,,,,,,,X,500,X1F4
X01F5,EQP,,Boolean,,PORT2,,,TS_2_1,,,,,,,X,501,X1F5
X01F6,EQP,,Boolean,,PORT2,,,TS_2_1,,,,,,,X,502,X1F6
X01F7,EQP,,Boolean,,PORT2,,,TS_2_1,,,,,,,X,503,X1F7
X01F8,EQP,,Boolean,,PORT2,,,TS_2_1,,,,,,,X,504,X1F8
X01F9,EQP,,Boolean,,PORT2,,,TS_2_1,,,,,,,X,505,X1F9
X01FA,EQP,Carrier WaitIn System Request (Flag),Boolean,,PORT2,Carrier_WaitIn_System_Request,,TS_2_1,,,,,,,X,506,X1FA
X01FB,EQP,Carrier WaitOut System Report (Flag),Boolean,,PORT2,Carrier_WaitOut_System_Report,,TS_2_1,,,,,,,X,507,X1FB
X01FC,EQP,Carrier Removed Completed Report,Boolean,,PORT2,Carrier_Removed_Completed_Report,,TS_2_1,,,,,,,X,508,X1FC
X01FD,EQP,Carrier Force In System Request,Boolean,,PORT2,Carrier_Force_In_System_Request,,TS_2_1,,,,,,,X,509,X1FD
X01FE,EQP,,Boolean,,PORT2,,,TS_2_1,,,,,,,X,510,X1FE
X01FF,EQP,,Boolean,,PORT2,,,TS_2_1,,,,,,,X,511,X1FF
X0200,EQP,,Boolean,,PORT2,,,TS_2_1,,,,,,,X,512,X200
X0201,EQP,,Boolean,,PORT2,,,TS_2_1,,,,,,,X,513,X201
X0202,EQP,,Boolean,,PORT2,,,TS_2_1,,,,,,,X,514,X202
X0203,EQP,Port Mode Change Accept (Flag),Boolean,,PORT2,Port_Mode_Change_Accept,,TS_2_1,,,,,,,X,515,X203
X0204,EQP,Port Mode Changed Refuse (Flag),Boolean,,PORT2,Port_Mode_Changed_Refuse,,TS_2_1,,,,,,,X,516,X204
X0205,EQP,Port Mode Changed Report(Flag),Boolean,,PORT2,Port_Mode_Changed_Report,,TS_2_1,,,,,,,X,517,X205
X0206,EQP,Port Disabled Report,Boolean,,PORT2,Port_Disabled_Report,,TS_2_1,,,,,,,X,518,X206
X0207,EQP,Port Enabled Report,Boolean,,PORT2,Port_Enabled_Report,,TS_2_1,,,,,,,X,519,X207
X0208,EQP,,Boolean,,,,,TS_2_1,,,,,,,X,520,X208
X0209,EQP,,Boolean,,,,,TS_2_1,,,,,,,X,521,X209
X020A,EQP,,Boolean,,,,,TS_2_1,,,,,,,X,522,X20A
X020B,EQP,,Boolean,,,,,TS_2_1,,,,,,,X,523,X20B
X020C,EQP,,Boolean,,,,,TS_2_1,,,,,,,X,524,X20C
X020D,EQP,,Boolean,,,,,TS_2_1,,,,,,,X,525,X20D
X020E,EQP,,Boolean,,,,,TS_2_1,,,,,,,X,526,X20E
X020F,EQP,,Boolean,,,,,TS_2_1,,,,,,,X,527,X20F
X0210,EQP,,Boolean,,,,,TS_2_1,,,,,,,X,528,X210
X0211,EQP,,Boolean,,,,,TS_2_1,,,,,,,X,529,X211
X0212,EQP,,Boolean,,,,,TS_2_1,,,,,,,X,530,X212
X0213,EQP,,Boolean,,,,,TS_2_1,,,,,,,X,531,X213
X0214,EQP,,Boolean,,,,,TS_2_1,,,,,,,X,532,X214
X0215,EQP,,Boolean,,,,,TS_2_1,,,,,,,X,533,X215
X0216,EQP,,Boolean,,,,,TS_2_1,,,,,,,X,534,X216
X0217,EQP,,Boolean,,,,,TS_2_1,,,,,,,X,535,X217
X0218,EQP,,Boolean,,,,,TS_2_1,,,,,,,X,536,X218
X0219,EQP,,Boolean,,,,,TS_2_1,,,,,,,X,537,X219
X021A,EQP,,Boolean,,,,,TS_2_1,,,,,,,X,538,X21A
X021B,EQP,,Boolean,,,,,TS_2_1,,,,,,,X,539,X21B
X021C,EQP,,Boolean,,,,,TS_2_1,,,,,,,X,540,X21C
X021D,EQP,,Boolean,,,,,TS_2_1,,,,,,,X,541,X21D
X021E,EQP,,Boolean,,,,,TS_2_1,,,,,,,X,542,X21E
X021F,EQP,,Boolean,,,,,TS_2_1,,,,,,,X,543,X21F
X0220,EQP,,Boolean,,,,,TS_2_1,,,,,,,X,544,X220
X0221,EQP,,Boolean,,,,,TS_2_1,,,,,,,X,545,X221
X0222,EQP,,Boolean,,,,,TS_2_1,,,,,,,X,546,X222
X0223,EQP,,Boolean,,,,,TS_2_1,,,,,,,X,547,X223
X0224,EQP,,Boolean,,,,,TS_2_1,,,,,,,X,548,X224
X0225,EQP,,Boolean,,,,,TS_2_1,,,,,,,X,549,X225
X0226,EQP,,Boolean,,,,,TS_2_1,,,,,,,X,550,X226
X0227,EQP,,Boolean,,,,,TS_2_1,,,,,,,X,551,X227
X0228,EQP,,Boolean,,,,,TS_2_1,,,,,,,X,552,X228
X0229,EQP,,Boolean,,,,,TS_2_1,,,,,,,X,553,X229
X022A,EQP,,Boolean,,,,,TS_2_1,,,,,,,X,554,X22A
X022B,EQP,,Boolean,,,,,TS_2_1,,,,,,,X,555,X22B
X022C,EQP,,Boolean,,,,,TS_2_1,,,,,,,X,556,X22C
X022D,EQP,,Boolean,,,,,TS_2_1,,,,,,,X,557,X22D
X022E,EQP,,Boolean,,,,,TS_2_1,,,,,,,X,558,X22E
X022F,EQP,,Boolean,,,,,TS_2_1,,,,,,,X,559,X22F
X0230,EQP,,Boolean,,,,,TS_2_1,,,,,,,X,560,X230
X0231,EQP,,Boolean,,,,,TS_2_1,,,,,,,X,561,X231
X0232,EQP,,Boolean,,,,,TS_2_1,,,,,,,X,562,X232
X0233,EQP,,Boolean,,,,,TS_2_1,,,,,,,X,563,X233
X0234,EQP,,Boolean,,,,,TS_2_1,,,,,,,X,564,X234
X0235,EQP,,Boolean,,,,,TS_2_1,,,,,,,X,565,X235
X0236,EQP,,Boolean,,,,,TS_2_1,,,,,,,X,566,X236
X0237,EQP,,Boolean,,,,,TS_2_1,,,,,,,X,567,X237
X0238,EQP,,Boolean,,,,,TS_2_1,,,,,,,X,568,X238
X0239,EQP,,Boolean,,,,,TS_2_1,,,,,,,X,569,X239
X023A,EQP,,Boolean,,,,,TS_2_1,,,,,,,X,570,X23A
X023B,EQP,,Boolean,,,,,TS_2_1,,,,,,,X,571,X23B
X023C,EQP,,Boolean,,,,,TS_2_1,,,,,,,X,572,X23C
X023D,EQP,,Boolean,,,,,TS_2_1,,,,,,,X,573,X23D
X023E,EQP,,Boolean,,,,,TS_2_1,,,,,,,X,574,X23E
X023F,EQP,,Boolean,,,,,TS_2_1,,,,,,,X,575,X23F
X0240,EQP,EQP Status Run,Boolean,,EQ,EQP_RUN,,TS_2_2,,,,,,,X,576,X240
X0241,EQP,EQP Status Idle,Boolean,,EQ,EQP_IDLE,,TS_2_2,,,,,,,X,577,X241
X0242,EQP,EQP Status Down,Boolean,,EQ,EQP_DOWN,,TS_2_2,,,,,,,X,578,X242
X0243,EQP,,Boolean,,PORT1,,,TS_2_2,,,,,,,X,579,X243
X0244,EQP,,Boolean,,PORT1,,,TS_2_2,,,,,,,X,580,X244
X0245,EQP,,Boolean,,PORT1,,,TS_2_2,,,,,,,X,581,X245
X0246,EQP,,Boolean,,PORT1,,,TS_2_2,,,,,,,X,582,X246
X0247,EQP,,Boolean,,PORT1,,,TS_2_2,,,,,,,X,583,X247
X0248,EQP,,Boolean,,PORT1,,,TS_2_2,,,,,,,X,584,X248
X0249,EQP,Load_Request,Boolean,,PORT1,Load_Request,6,TS_2_2,,,,,,,X,585,X249
X024A,EQP,Unload_Request,Boolean,,PORT1,Unload_Request,7,TS_2_2,,,,,,,X,586,X24A
X024B,EQP,Port_Exist,Boolean,,PORT1,Port_Exist,8,TS_2_2,,,,,,,X,587,X24B
X024C,EQP,Port Status Down,Boolean,,PORT1,Port_Status_Down,11,TS_2_2,,,,,,,X,588,X24C
X024D,EQP,LD_UP_POS,Boolean,,PORT1,LD_UP_POS,9,TS_2_2,,,,,,,X,589,X24D
X024E,EQP,LD_DOWN_POS,Boolean,,PORT1,LD_DOWN_POS,10,TS_2_2,,,,,,,X,590,X24E
X024F,EQP,Door Opened,Boolean,,PORT1,Door_Opened,13,TS_2_2,,,,,,,X,591,X24F
X0250,EQP,,Boolean,,PORT1,TB_DOWN_POS,12,TS_2_2,,,,,,,X,592,X250
X0251,EQP,,Boolean,,PORT1,,,TS_2_2,,,,,,,X,593,X251
X0252,EQP,,Boolean,,PORT1,,,TS_2_2,,,,,,,X,594,X252
X0253,EQP,,Boolean,,PORT1,,,TS_2_2,,,,,,,X,595,X253
X0254,EQP,,Boolean,,PORT1,,,TS_2_2,,,,,,,X,596,X254
X0255,EQP,,Boolean,,PORT1,,,TS_2_2,,,,,,,X,597,X255
X0256,EQP,Carrier WaitIn System Request (Flag),Boolean,,PORT1,Carrier_WaitIn_System_Request,,TS_2_2,,,,,,,X,598,X256
X0257,EQP,Carrier WaitOut System Report (Flag),Boolean,,PORT1,Carrier_WaitOut_System_Report,,TS_2_2,,,,,,,X,599,X257
X0258,EQP,Carrier Removed Completed Report,Boolean,,PORT1,Carrier_Removed_Completed_Report,,TS_2_2,,,,,,,X,600,X258
X0259,EQP,Carrier Force In System Request,Boolean,,PORT1,Carrier_Force_In_System_Request,,TS_2_2,,,,,,,X,601,X259
X025A,EQP,,Boolean,,PORT1,,,TS_2_2,,,,,,,X,602,X25A
X025B,EQP,,Boolean,,PORT1,,,TS_2_2,,,,,,,X,603,X25B
X025C,EQP,,Boolean,,PORT1,,,TS_2_2,,,,,,,X,604,X25C
X025D,EQP,,Boolean,,PORT1,,,TS_2_2,,,,,,,X,605,X25D
X025E,EQP,,Boolean,,PORT1,,,TS_2_2,,,,,,,X,606,X25E
X025F,EQP,Port Mode Change Accept (Flag),Boolean,,PORT1,Port_Mode_Change_Accept,,TS_2_2,,,,,,,X,607,X25F
X0260,EQP,Port Mode Changed Refuse (Flag),Boolean,,PORT1,Port_Mode_Changed_Refuse,,TS_2_2,,,,,,,X,608,X260
X0261,EQP,Port Mode Changed Report(Flag),Boolean,,PORT1,Port_Mode_Changed_Report,,TS_2_2,,,,,,,X,609,X261
X0262,EQP,Port Disabled Report,Boolean,,PORT1,Port_Disabled_Report,,TS_2_2,,,,,,,X,610,X262
X0263,EQP,Port Enabled Report,Boolean,,PORT1,Port_Enabled_Report,,TS_2_2,,,,,,,X,611,X263
X0264,EQP,,Boolean,,,,,TS_2_2,,,,,,,X,612,X264
X0265,EQP,,Boolean,,,,,TS_2_2,,,,,,,X,613,X265
X0266,EQP,,Boolean,,,,,TS_2_2,,,,,,,X,614,X266
X0267,EQP,,Boolean,,,,,TS_2_2,,,,,,,X,615,X267
X0268,EQP,,Boolean,,,,,TS_2_2,,,,,,,X,616,X268
X0269,EQP,,Boolean,,,,,TS_2_2,,,,,,,X,617,X269
X026A,EQP,,Boolean,,,,,TS_2_2,,,,,,,X,618,X26A
X026B,EQP,,Boolean,,,,,TS_2_2,,,,,,,X,619,X26B
X026C,EQP,,Boolean,,,,,TS_2_2,,,,,,,X,620,X26C
X026D,EQP,Load_Request,Boolean,,PORT2,Load_Request,6,TS_2_2,,,,,,,X,621,X26D
X026E,EQP,Unload_Request,Boolean,,PORT2,Unload_Request,7,TS_2_2,,,,,,,X,622,X26E
X026F,EQP,Port_Exist,Boolean,,PORT2,Port_Exist,8,TS_2_2,,,,,,,X,623,X26F
X0270,EQP,Port Status Down,Boolean,,PORT2,Port_Status_Down,11,TS_2_2,,,,,,,X,624,X270
X0271,EQP,LD_UP_POS,Boolean,,PORT2,LD_UP_POS,9,TS_2_2,,,,,,,X,625,X271
X0272,EQP,LD_DOWN_POS,Boolean,,PORT2,LD_DOWN_POS,10,TS_2_2,,,,,,,X,626,X272
X0273,EQP,Door Opened,Boolean,,PORT2,Door_Opened,13,TS_2_2,,,,,,,X,627,X273
X0274,EQP,,Boolean,,PORT2,TB_DOWN_POS,12,TS_2_2,,,,,,,X,628,X274
X0275,EQP,,Boolean,,PORT2,,,TS_2_2,,,,,,,X,629,X275
X0276,EQP,,Boolean,,PORT2,,,TS_2_2,,,,,,,X,630,X276
X0277,EQP,,Boolean,,PORT2,,,TS_2_2,,,,,,,X,631,X277
X0278,EQP,,Boolean,,PORT2,,,TS_2_2,,,,,,,X,632,X278
X0279,EQP,,Boolean,,PORT2,,,TS_2_2,,,,,,,X,633,X279
X027A,EQP,Carrier WaitIn System Request (Flag),Boolean,,PORT2,Carrier_WaitIn_System_Request,,TS_2_2,,,,,,,X,634,X27A
X027B,EQP,Carrier WaitOut System Report (Flag),Boolean,,PORT2,Carrier_WaitOut_System_Report,,TS_2_2,,,,,,,X,635,X27B
X027C,EQP,Carrier Removed Completed Report,Boolean,,PORT2,Carrier_Removed_Completed_Report,,TS_2_2,,,,,,,X,636,X27C
X027D,EQP,Carrier Force In System Request,Boolean,,PORT2,Carrier_Force_In_System_Request,,TS_2_2,,,,,,,X,637,X27D
X027E,EQP,,Boolean,,PORT2,,,TS_2_2,,,,,,,X,638,X27E
X027F,EQP,,Boolean,,PORT2,,,TS_2_2,,,,,,,X,639,X27F
X0280,EQP,,Boolean,,PORT2,,,TS_2_2,,,,,,,X,640,X280
X0281,EQP,,Boolean,,PORT2,,,TS_2_2,,,,,,,X,641,X281
X0282,EQP,,Boolean,,PORT2,,,TS_2_2,,,,,,,X,642,X282
X0283,EQP,Port Mode Change Accept (Flag),Boolean,,PORT2,Port_Mode_Change_Accept,,TS_2_2,,,,,,,X,643,X283
X0284,EQP,Port Mode Changed Refuse (Flag),Boolean,,PORT2,Port_Mode_Changed_Refuse,,TS_2_2,,,,,,,X,644,X284
X0285,EQP,Port Mode Changed Report(Flag),Boolean,,PORT2,Port_Mode_Changed_Report,,TS_2_2,,,,,,,X,645,X285
X0286,EQP,Port Disabled Report,Boolean,,PORT2,Port_Disabled_Report,,TS_2_2,,,,,,,X,646,X286
X0287,EQP,Port Enabled Report,Boolean,,PORT2,Port_Enabled_Report,,TS_2_2,,,,,,,X,647,X287
X0288,EQP,,Boolean,,,,,TS_2_2,,,,,,,X,648,X288
X0289,EQP,,Boolean,,,,,TS_2_2,,,,,,,X,649,X289
X028A,EQP,,Boolean,,,,,TS_2_2,,,,,,,X,650,X28A
X028B,EQP,,Boolean,,,,,TS_2_2,,,,,,,X,651,X28B
X028C,EQP,,Boolean,,,,,TS_2_2,,,,,,,X,652,X28C
X028D,EQP,,Boolean,,,,,TS_2_2,,,,,,,X,653,X28D
X028E,EQP,,Boolean,,,,,TS_2_2,,,,,,,X,654,X28E
X028F,EQP,,Boolean,,,,,TS_2_2,,,,,,,X,655,X28F
X0290,EQP,,Boolean,,,,,TS_2_2,,,,,,,X,656,X290
X0291,EQP,,Boolean,,,,,TS_2_2,,,,,,,X,657,X291
X0292,EQP,,Boolean,,,,,TS_2_2,,,,,,,X,658,X292
X0293,EQP,,Boolean,,,,,TS_2_2,,,,,,,X,659,X293
X0294,EQP,,Boolean,,,,,TS_2_2,,,,,,,X,660,X294
X0295,EQP,,Boolean,,,,,TS_2_2,,,,,,,X,661,X295
X0296,EQP,,Boolean,,,,,TS_2_2,,,,,,,X,662,X296
X0297,EQP,,Boolean,,,,,TS_2_2,,,,,,,X,663,X297
X0298,EQP,,Boolean,,,,,TS_2_2,,,,,,,X,664,X298
X0299,EQP,,Boolean,,,,,TS_2_2,,,,,,,X,665,X299
X029A,EQP,,Boolean,,,,,TS_2_2,,,,,,,X,666,X29A
X029B,EQP,,Boolean,,,,,TS_2_2,,,,,,,X,667,X29B
X029C,EQP,,Boolean,,,,,TS_2_2,,,,,,,X,668,X29C
X029D,EQP,,Boolean,,,,,TS_2_2,,,,,,,X,669,X29D
X029E,EQP,,Boolean,,,,,TS_2_2,,,,,,,X,670,X29E
X029F,EQP,,Boolean,,,,,TS_2_2,,,,,,,X,671,X29F
X02A0,EQP,,Boolean,,,,,TS_2_2,,,,,,,X,672,X2A0
X02A1,EQP,,Boolean,,,,,TS_2_2,,,,,,,X,673,X2A1
X02A2,EQP,,Boolean,,,,,TS_2_2,,,,,,,X,674,X2A2
X02A3,EQP,,Boolean,,,,,TS_2_2,,,,,,,X,675,X2A3
X02A4,EQP,,Boolean,,,,,TS_2_2,,,,,,,X,676,X2A4
X02A5,EQP,,Boolean,,,,,TS_2_2,,,,,,,X,677,X2A5
X02A6,EQP,,Boolean,,,,,TS_2_2,,,,,,,X,678,X2A6
X02A7,EQP,,Boolean,,,,,TS_2_2,,,,,,,X,679,X2A7
X02A8,EQP,,Boolean,,,,,TS_2_2,,,,,,,X,680,X2A8
X02A9,EQP,,Boolean,,,,,TS_2_2,,,,,,,X,681,X2A9
X02AA,EQP,,Boolean,,,,,TS_2_2,,,,,,,X,682,X2AA
X02AB,EQP,,Boolean,,,,,TS_2_2,,,,,,,X,683,X2AB
X02AC,EQP,,Boolean,,,,,TS_2_2,,,,,,,X,684,X2AC
X02AD,EQP,,Boolean,,,,,TS_2_2,,,,,,,X,685,X2AD
X02AE,EQP,,Boolean,,,,,TS_2_2,,,,,,,X,686,X2AE
X02AF,EQP,,Boolean,,,,,TS_2_2,,,,,,,X,687,X2AF
X02B0,EQP,,Boolean,,,,,TS_2_2,,,,,,,X,688,X2B0
X02B1,EQP,,Boolean,,,,,TS_2_2,,,,,,,X,689,X2B1
X02B2,EQP,,Boolean,,,,,TS_2_2,,,,,,,X,690,X2B2
X02B3,EQP,,Boolean,,,,,TS_2_2,,,,,,,X,691,X2B3
X02B4,EQP,,Boolean,,,,,TS_2_2,,,,,,,X,692,X2B4
X02B5,EQP,,Boolean,,,,,TS_2_2,,,,,,,X,693,X2B5
X02B6,EQP,,Boolean,,,,,TS_2_2,,,,,,,X,694,X2B6
X02B7,EQP,,Boolean,,,,,TS_2_2,,,,,,,X,695,X2B7
X02B8,EQP,,Boolean,,,,,TS_2_2,,,,,,,X,696,X2B8
X02B9,EQP,,Boolean,,,,,TS_2_2,,,,,,,X,697,X2B9
X02BA,EQP,,Boolean,,,,,TS_2_2,,,,,,,X,698,X2BA
X02BB,EQP,,Boolean,,,,,TS_2_2,,,,,,,X,699,X2BB
X02BC,EQP,,Boolean,,,,,TS_2_2,,,,,,,X,700,X2BC
X02BD,EQP,,Boolean,,,,,TS_2_2,,,,,,,X,701,X2BD
X02BE,EQP,,Boolean,,,,,TS_2_2,,,,,,,X,702,X2BE
X02BF,EQP,,Boolean,,,,,TS_2_2,,,,,,,X,703,X2BF
X02C0,EQP,EQP Status Run,Boolean,,EQ,EQP_RUN,,TS_3,,,,,,,X,704,X2C0
X02C1,EQP,EQP Status Idle,Boolean,,EQ,EQP_IDLE,,TS_3,,,,,,,X,705,X2C1
X02C2,EQP,EQP Status Down,Boolean,,EQ,EQP_DOWN,,TS_3,,,,,,,X,706,X2C2
X02C3,EQP,,Boolean,,PORT1,,,TS_3,,,,,,,X,707,X2C3
X02C4,EQP,L_REQ,Boolean,,PORT1,L_REQ,,TS_3,,,,,,,X,708,X2C4
X02C5,EQP,U_REQ,Boolean,,PORT1,U_REQ,,TS_3,,,,,,,X,709,X2C5
X02C6,EQP,EQ_READY,Boolean,,PORT1,EQ_READY,,TS_3,,,,,,,X,710,X2C6
X02C7,EQP,EQ_BUSY,Boolean,,PORT1,EQ_BUSY,,TS_3,,,,,,,X,711,X2C7
X02C8,EQP,,Boolean,,PORT1,,,TS_3,,,,,,,X,712,X2C8
X02C9,EQP,Load_Request,Boolean,,PORT1,Load_Request,6,TS_3,,,,,,,X,713,X2C9
X02CA,EQP,Unload_Request,Boolean,,PORT1,Unload_Request,7,TS_3,,,,,,,X,714,X2CA
X02CB,EQP,Port_Exist,Boolean,,PORT1,Port_Exist,8,TS_3,,,,,,,X,715,X2CB
X02CC,EQP,Port Status Down,Boolean,,PORT1,Port_Status_Down,11,TS_3,,,,,,,X,716,X2CC
X02CD,EQP,LD_UP_POS,Boolean,,PORT1,LD_UP_POS,9,TS_3,,,,,,,X,717,X2CD
X02CE,EQP,LD_DOWN_POS,Boolean,,PORT1,LD_DOWN_POS,10,TS_3,,,,,,,X,718,X2CE
X02CF,EQP,Door Opened,Boolean,,PORT1,Door_Opened,13,TS_3,,,,,,,X,719,X2CF
X02D0,EQP,,Boolean,,PORT1,TB_DOWN_POS,12,TS_3,,,,,,,X,720,X2D0
X02D1,EQP,,Boolean,,PORT1,,,TS_3,,,,,,,X,721,X2D1
X02D2,EQP,,Boolean,,PORT1,,,TS_3,,,,,,,X,722,X2D2
X02D3,EQP,,Boolean,,PORT1,,,TS_3,,,,,,,X,723,X2D3
X02D4,EQP,,Boolean,,PORT1,,,TS_3,,,,,,,X,724,X2D4
X02D5,EQP,,Boolean,,PORT1,,,TS_3,,,,,,,X,725,X2D5
X02D6,EQP,Carrier WaitIn System Request (Flag),Boolean,,PORT1,Carrier_WaitIn_System_Request,,TS_3,,,,,,,X,726,X2D6
X02D7,EQP,Carrier WaitOut System Report (Flag),Boolean,,PORT1,Carrier_WaitOut_System_Report,,TS_3,,,,,,,X,727,X2D7
X02D8,EQP,Carrier Removed Completed Report,Boolean,,PORT1,Carrier_Removed_Completed_Report,,TS_3,,,,,,,X,728,X2D8
X02D9,EQP,Carrier Force In System Request,Boolean,,PORT1,Carrier_Force_In_System_Request,,TS_3,,,,,,,X,729,X2D9
X02DA,EQP,,Boolean,,PORT1,,,TS_3,,,,,,,X,730,X2DA
X02DB,EQP,,Boolean,,PORT1,,,TS_3,,,,,,,X,731,X2DB
X02DC,EQP,,Boolean,,PORT1,,,TS_3,,,,,,,X,732,X2DC
X02DD,EQP,,Boolean,,PORT1,,,TS_3,,,,,,,X,733,X2DD
X02DE,EQP,,Boolean,,PORT1,,,TS_3,,,,,,,X,734,X2DE
X02DF,EQP,Port Mode Change Accept (Flag),Boolean,,PORT1,Port_Mode_Change_Accept,,TS_3,,,,,,,X,735,X2DF
X02E0,EQP,Port Mode Changed Refuse (Flag),Boolean,,PORT1,Port_Mode_Changed_Refuse,,TS_3,,,,,,,X,736,X2E0
X02E1,EQP,Port Mode Changed Report(Flag),Boolean,,PORT1,Port_Mode_Changed_Report,,TS_3,,,,,,,X,737,X2E1
X02E2,EQP,Port Disabled Report,Boolean,,PORT1,Port_Disabled_Report,,TS_3,,,,,,,X,738,X2E2
X02E3,EQP,Port Enabled Report,Boolean,,PORT1,Port_Enabled_Report,,TS_3,,,,,,,X,739,X2E3
X02E4,EQP,,Boolean,,,,,TS_3,,,,,,,X,740,X2E4
X02E5,EQP,,Boolean,,,,,TS_3,,,,,,,X,741,X2E5
X02E6,EQP,,Boolean,,,,,TS_3,,,,,,,X,742,X2E6
X02E7,EQP,,Boolean,,,,,TS_3,,,,,,,X,743,X2E7
X02E8,EQP,L_REQ,Boolean,,PORT2,L_REQ,,TS_3,,,,,,,X,744,X2E8
X02E9,EQP,U_REQ,Boolean,,PORT2,U_REQ,,TS_3,,,,,,,X,745,X2E9
X02EA,EQP,EQ_READY,Boolean,,PORT2,EQ_READY,,TS_3,,,,,,,X,746,X2EA
X02EB,EQP,EQ_BUSY,Boolean,,PORT2,EQ_BUSY,,TS_3,,,,,,,X,747,X2EB
X02EC,EQP,,Boolean,,,,,TS_3,,,,,,,X,748,X2EC
X02ED,EQP,Load_Request,Boolean,,PORT2,Load_Request,6,TS_3,,,,,,,X,749,X2ED
X02EE,EQP,Unload_Request,Boolean,,PORT2,Unload_Request,7,TS_3,,,,,,,X,750,X2EE
X02EF,EQP,Port_Exist,Boolean,,PORT2,Port_Exist,8,TS_3,,,,,,,X,751,X2EF
X02F0,EQP,Port Status Down,Boolean,,PORT2,Port_Status_Down,11,TS_3,,,,,,,X,752,X2F0
X02F1,EQP,LD_UP_POS,Boolean,,PORT2,LD_UP_POS,9,TS_3,,,,,,,X,753,X2F1
X02F2,EQP,LD_DOWN_POS,Boolean,,PORT2,LD_DOWN_POS,10,TS_3,,,,,,,X,754,X2F2
X02F3,EQP,Door Opened,Boolean,,PORT2,Door_Opened,13,TS_3,,,,,,,X,755,X2F3
X02F4,EQP,,Boolean,,PORT2,TB_DOWN_POS,12,TS_3,,,,,,,X,756,X2F4
X02F5,EQP,,Boolean,,PORT2,,,TS_3,,,,,,,X,757,X2F5
X02F6,EQP,,Boolean,,PORT2,,,TS_3,,,,,,,X,758,X2F6
X02F7,EQP,,Boolean,,PORT2,,,TS_3,,,,,,,X,759,X2F7
X02F8,EQP,,Boolean,,PORT2,,,TS_3,,,,,,,X,760,X2F8
X02F9,EQP,,Boolean,,PORT2,,,TS_3,,,,,,,X,761,X2F9
X02FA,EQP,Carrier WaitIn System Request (Flag),Boolean,,PORT2,Carrier_WaitIn_System_Request,,TS_3,,,,,,,X,762,X2FA
X02FB,EQP,Carrier WaitOut System Report (Flag),Boolean,,PORT2,Carrier_WaitOut_System_Report,,TS_3,,,,,,,X,763,X2FB
X02FC,EQP,Carrier Removed Completed Report,Boolean,,PORT2,Carrier_Removed_Completed_Report,,TS_3,,,,,,,X,764,X2FC
X02FD,EQP,Carrier Force In System Request,Boolean,,PORT2,Carrier_Force_In_System_Request,,TS_3,,,,,,,X,765,X2FD
X02FE,EQP,,Boolean,,PORT2,,,TS_3,,,,,,,X,766,X2FE
X02FF,EQP,,Boolean,,PORT2,,,TS_3,,,,,,,X,767,X2FF
X0300,EQP,,Boolean,,PORT2,,,TS_3,,,,,,,X,768,X300
X0301,EQP,,Boolean,,PORT2,,,TS_3,,,,,,,X,769,X301
X0302,EQP,,Boolean,,PORT2,,,TS_3,,,,,,,X,770,X302
X0303,EQP,Port Mode Change Accept (Flag),Boolean,,PORT2,Port_Mode_Change_Accept,,TS_3,,,,,,,X,771,X303
X0304,EQP,Port Mode Changed Refuse (Flag),Boolean,,PORT2,Port_Mode_Changed_Refuse,,TS_3,,,,,,,X,772,X304
X0305,EQP,Port Mode Changed Report(Flag),Boolean,,PORT2,Port_Mode_Changed_Report,,TS_3,,,,,,,X,773,X305
X0306,EQP,Port Disabled Report,Boolean,,PORT2,Port_Disabled_Report,,TS_3,,,,,,,X,774,X306
X0307,EQP,Port Enabled Report,Boolean,,PORT2,Port_Enabled_Report,,TS_3,,,,,,,X,775,X307
X0308,EQP,,Boolean,,,,,TS_3,,,,,,,X,776,X308
X0309,EQP,,Boolean,,,,,TS_3,,,,,,,X,777,X309
X030A,EQP,,Boolean,,,,,TS_3,,,,,,,X,778,X30A
X030B,EQP,,Boolean,,,,,TS_3,,,,,,,X,779,X30B
X030C,EQP,,Boolean,,,,,TS_3,,,,,,,X,780,X30C
X030D,EQP,,Boolean,,,,,TS_3,,,,,,,X,781,X30D
X030E,EQP,,Boolean,,,,,TS_3,,,,,,,X,782,X30E
X030F,EQP,,Boolean,,,,,TS_3,,,,,,,X,783,X30F
X0310,EQP,,Boolean,,,,,TS_3,,,,,,,X,784,X310
X0311,EQP,,Boolean,,,,,TS_3,,,,,,,X,785,X311
X0312,EQP,,Boolean,,,,,TS_3,,,,,,,X,786,X312
X0313,EQP,,Boolean,,,,,TS_3,,,,,,,X,787,X313
X0314,EQP,,Boolean,,,,,TS_3,,,,,,,X,788,X314
X0315,EQP,,Boolean,,,,,TS_3,,,,,,,X,789,X315
X0316,EQP,,Boolean,,,,,TS_3,,,,,,,X,790,X316
X0317,EQP,,Boolean,,,,,TS_3,,,,,,,X,791,X317
X0318,EQP,,Boolean,,,,,TS_3,,,,,,,X,792,X318
X0319,EQP,,Boolean,,,,,TS_3,,,,,,,X,793,X319
X031A,EQP,,Boolean,,,,,TS_3,,,,,,,X,794,X31A
X031B,EQP,,Boolean,,,,,TS_3,,,,,,,X,795,X31B
X031C,EQP,,Boolean,,,,,TS_3,,,,,,,X,796,X31C
X031D,EQP,,Boolean,,,,,TS_3,,,,,,,X,797,X31D
X031E,EQP,,Boolean,,,,,TS_3,,,,,,,X,798,X31E
X031F,EQP,,Boolean,,,,,TS_3,,,,,,,X,799,X31F
X0320,EQP,,Boolean,,,,,TS_3,,,,,,,X,800,X320
X0321,EQP,,Boolean,,,,,TS_3,,,,,,,X,801,X321
X0322,EQP,,Boolean,,,,,TS_3,,,,,,,X,802,X322
X0323,EQP,,Boolean,,,,,TS_3,,,,,,,X,803,X323
X0324,EQP,,Boolean,,,,,TS_3,,,,,,,X,804,X324
X0325,EQP,,Boolean,,,,,TS_3,,,,,,,X,805,X325
X0326,EQP,,Boolean,,,,,TS_3,,,,,,,X,806,X326
X0327,EQP,,Boolean,,,,,TS_3,,,,,,,X,807,X327
X0328,EQP,,Boolean,,,,,TS_3,,,,,,,X,808,X328
X0329,EQP,,Boolean,,,,,TS_3,,,,,,,X,809,X329
X032A,EQP,,Boolean,,,,,TS_3,,,,,,,X,810,X32A
X032B,EQP,,Boolean,,,,,TS_3,,,,,,,X,811,X32B
X032C,EQP,,Boolean,,,,,TS_3,,,,,,,X,812,X32C
X032D,EQP,,Boolean,,,,,TS_3,,,,,,,X,813,X32D
X032E,EQP,,Boolean,,,,,TS_3,,,,,,,X,814,X32E
X032F,EQP,,Boolean,,,,,TS_3,,,,,,,X,815,X32F
X0330,EQP,,Boolean,,,,,TS_3,,,,,,,X,816,X330
X0331,EQP,,Boolean,,,,,TS_3,,,,,,,X,817,X331
X0332,EQP,,Boolean,,,,,TS_3,,,,,,,X,818,X332
X0333,EQP,,Boolean,,,,,TS_3,,,,,,,X,819,X333
X0334,EQP,,Boolean,,,,,TS_3,,,,,,,X,820,X334
X0335,EQP,,Boolean,,,,,TS_3,,,,,,,X,821,X335
X0336,EQP,,Boolean,,,,,TS_3,,,,,,,X,822,X336
X0337,EQP,,Boolean,,,,,TS_3,,,,,,,X,823,X337
X0338,EQP,,Boolean,,,,,TS_3,,,,,,,X,824,X338
X0339,EQP,,Boolean,,,,,TS_3,,,,,,,X,825,X339
X033A,EQP,,Boolean,,,,,TS_3,,,,,,,X,826,X33A
X033B,EQP,,Boolean,,,,,TS_3,,,,,,,X,827,X33B
X033C,EQP,,Boolean,,,,,TS_3,,,,,,,X,828,X33C
X033D,EQP,,Boolean,,,,,TS_3,,,,,,,X,829,X33D
X033E,EQP,,Boolean,,,,,TS_3,,,,,,,X,830,X33E
X033F,EQP,,Boolean,,,,,TS_3,,,,,,,X,831,X33F
X0340,EQP,,Boolean,,,,,,,,,,,,X,832,X340
X0341,EQP,,Boolean,,,,,,,,,,,,X,833,X341
X0342,EQP,,Boolean,,,,,,,,,,,,X,834,X342
X0343,EQP,,Boolean,,,,,,,,,,,,X,835,X343
X0344,EQP,,Boolean,,,,,,,,,,,,X,836,X344
X0345,EQP,,Boolean,,,,,,,,,,,,X,837,X345
X0346,EQP,,Boolean,,,,,,,,,,,,X,838,X346
X0347,EQP,,Boolean,,,,,,,,,,,,X,839,X347
X0348,EQP,,Boolean,,,,,,,,,,,,X,840,X348
X0349,EQP,,Boolean,,,,,,,,,,,,X,841,X349
X034A,EQP,,Boolean,,,,,,,,,,,,X,842,X34A
X034B,EQP,,Boolean,,,,,,,,,,,,X,843,X34B
X034C,EQP,,Boolean,,,,,,,,,,,,X,844,X34C
X034D,EQP,,Boolean,,,,,,,,,,,,X,845,X34D
X034E,EQP,,Boolean,,,,,,,,,,,,X,846,X34E
X034F,EQP,,Boolean,,,,,,,,,,,,X,847,X34F
X0350,EQP,,Boolean,,,,,,,,,,,,X,848,X350
X0351,EQP,,Boolean,,,,,,,,,,,,X,849,X351
X0352,EQP,,Boolean,,,,,,,,,,,,X,850,X352
X0353,EQP,,Boolean,,,,,,,,,,,,X,851,X353
X0354,EQP,,Boolean,,,,,,,,,,,,X,852,X354
X0355,EQP,,Boolean,,,,,,,,,,,,X,853,X355
X0356,EQP,,Boolean,,,,,,,,,,,,X,854,X356
X0357,EQP,,Boolean,,,,,,,,,,,,X,855,X357
X0358,EQP,,Boolean,,,,,,,,,,,,X,856,X358
X0359,EQP,,Boolean,,,,,,,,,,,,X,857,X359
X035A,EQP,,Boolean,,,,,,,,,,,,X,858,X35A
X035B,EQP,,Boolean,,,,,,,,,,,,X,859,X35B
X035C,EQP,,Boolean,,,,,,,,,,,,X,860,X35C
X035D,EQP,,Boolean,,,,,,,,,,,,X,861,X35D
X035E,EQP,,Boolean,,,,,,,,,,,,X,862,X35E
X035F,EQP,,Boolean,,,,,,,,,,,,X,863,X35F
X0360,EQP,,Boolean,,,,,,,,,,,,X,864,X360
X0361,EQP,,Boolean,,,,,,,,,,,,X,865,X361
X0362,EQP,,Boolean,,,,,,,,,,,,X,866,X362
X0363,EQP,,Boolean,,,,,,,,,,,,X,867,X363
X0364,EQP,,Boolean,,,,,,,,,,,,X,868,X364
X0365,EQP,,Boolean,,,,,,,,,,,,X,869,X365
X0366,EQP,,Boolean,,,,,,,,,,,,X,870,X366
X0367,EQP,,Boolean,,,,,,,,,,,,X,871,X367
X0368,EQP,,Boolean,,,,,,,,,,,,X,872,X368
X0369,EQP,,Boolean,,,,,,,,,,,,X,873,X369
X036A,EQP,,Boolean,,,,,,,,,,,,X,874,X36A
X036B,EQP,,Boolean,,,,,,,,,,,,X,875,X36B
X036C,EQP,,Boolean,,,,,,,,,,,,X,876,X36C
X036D,EQP,,Boolean,,,,,,,,,,,,X,877,X36D
X036E,EQP,,Boolean,,,,,,,,,,,,X,878,X36E
X036F,EQP,,Boolean,,,,,,,,,,,,X,879,X36F
X0370,EQP,,Boolean,,,,,,,,,,,,X,880,X370
X0371,EQP,,Boolean,,,,,,,,,,,,X,881,X371
X0372,EQP,,Boolean,,,,,,,,,,,,X,882,X372
X0373,EQP,,Boolean,,,,,,,,,,,,X,883,X373
X0374,EQP,,Boolean,,,,,,,,,,,,X,884,X374
X0375,EQP,,Boolean,,,,,,,,,,,,X,885,X375
X0376,EQP,,Boolean,,,,,,,,,,,,X,886,X376
X0377,EQP,,Boolean,,,,,,,,,,,,X,887,X377
X0378,EQP,,Boolean,,,,,,,,,,,,X,888,X378
X0379,EQP,,Boolean,,,,,,,,,,,,X,889,X379
X037A,EQP,,Boolean,,,,,,,,,,,,X,890,X37A
X037B,EQP,,Boolean,,,,,,,,,,,,X,891,X37B
X037C,EQP,,Boolean,,,,,,,,,,,,X,892,X37C
X037D,EQP,,Boolean,,,,,,,,,,,,X,893,X37D
X037E,EQP,,Boolean,,,,,,,,,,,,X,894,X37E
X037F,EQP,,Boolean,,,,,,,,,,,,X,895,X37F
X0380,EQP,,Boolean,,,,,,,,,,,,X,896,X380
X0381,EQP,,Boolean,,,,,,,,,,,,X,897,X381
X0382,EQP,,Boolean,,,,,,,,,,,,X,898,X382
X0383,EQP,,Boolean,,,,,,,,,,,,X,899,X383
X0384,EQP,,Boolean,,,,,,,,,,,,X,900,X384
X0385,EQP,,Boolean,,,,,,,,,,,,X,901,X385
X0386,EQP,,Boolean,,,,,,,,,,,,X,902,X386
X0387,EQP,,Boolean,,,,,,,,,,,,X,903,X387
X0388,EQP,,Boolean,,,,,,,,,,,,X,904,X388
X0389,EQP,,Boolean,,,,,,,,,,,,X,905,X389
X038A,EQP,,Boolean,,,,,,,,,,,,X,906,X38A
X038B,EQP,,Boolean,,,,,,,,,,,,X,907,X38B
X038C,EQP,,Boolean,,,,,,,,,,,,X,908,X38C
X038D,EQP,,Boolean,,,,,,,,,,,,X,909,X38D
X038E,EQP,,Boolean,,,,,,,,,,,,X,910,X38E
X038F,EQP,,Boolean,,,,,,,,,,,,X,911,X38F
X0390,EQP,,Boolean,,,,,,,,,,,,X,912,X390
X0391,EQP,,Boolean,,,,,,,,,,,,X,913,X391
X0392,EQP,,Boolean,,,,,,,,,,,,X,914,X392
X0393,EQP,,Boolean,,,,,,,,,,,,X,915,X393
X0394,EQP,,Boolean,,,,,,,,,,,,X,916,X394
X0395,EQP,,Boolean,,,,,,,,,,,,X,917,X395
X0396,EQP,,Boolean,,,,,,,,,,,,X,918,X396
X0397,EQP,,Boolean,,,,,,,,,,,,X,919,X397
X0398,EQP,,Boolean,,,,,,,,,,,,X,920,X398
X0399,EQP,,Boolean,,,,,,,,,,,,X,921,X399
X039A,EQP,,Boolean,,,,,,,,,,,,X,922,X39A
X039B,EQP,,Boolean,,,,,,,,,,,,X,923,X39B
X039C,EQP,,Boolean,,,,,,,,,,,,X,924,X39C
X039D,EQP,,Boolean,,,,,,,,,,,,X,925,X39D
X039E,EQP,,Boolean,,,,,,,,,,,,X,926,X39E
X039F,EQP,,Boolean,,,,,,,,,,,,X,927,X39F
X03A0,EQP,,Boolean,,,,,,,,,,,,X,928,X3A0
X03A1,EQP,,Boolean,,,,,,,,,,,,X,929,X3A1
X03A2,EQP,,Boolean,,,,,,,,,,,,X,930,X3A2
X03A3,EQP,,Boolean,,,,,,,,,,,,X,931,X3A3
X03A4,EQP,,Boolean,,,,,,,,,,,,X,932,X3A4
X03A5,EQP,,Boolean,,,,,,,,,,,,X,933,X3A5
X03A6,EQP,,Boolean,,,,,,,,,,,,X,934,X3A6
X03A7,EQP,,Boolean,,,,,,,,,,,,X,935,X3A7
X03A8,EQP,,Boolean,,,,,,,,,,,,X,936,X3A8
X03A9,EQP,,Boolean,,,,,,,,,,,,X,937,X3A9
X03AA,EQP,,Boolean,,,,,,,,,,,,X,938,X3AA
X03AB,EQP,,Boolean,,,,,,,,,,,,X,939,X3AB
X03AC,EQP,,Boolean,,,,,,,,,,,,X,940,X3AC
X03AD,EQP,,Boolean,,,,,,,,,,,,X,941,X3AD
X03AE,EQP,,Boolean,,,,,,,,,,,,X,942,X3AE
X03AF,EQP,,Boolean,,,,,,,,,,,,X,943,X3AF
X03B0,EQP,,Boolean,,,,,,,,,,,,X,944,X3B0
X03B1,EQP,,Boolean,,,,,,,,,,,,X,945,X3B1
X03B2,EQP,,Boolean,,,,,,,,,,,,X,946,X3B2
X03B3,EQP,,Boolean,,,,,,,,,,,,X,947,X3B3
X03B4,EQP,,Boolean,,,,,,,,,,,,X,948,X3B4
X03B5,EQP,,Boolean,,,,,,,,,,,,X,949,X3B5
X03B6,EQP,,Boolean,,,,,,,,,,,,X,950,X3B6
X03B7,EQP,,Boolean,,,,,,,,,,,,X,951,X3B7
X03B8,EQP,,Boolean,,,,,,,,,,,,X,952,X3B8
X03B9,EQP,,Boolean,,,,,,,,,,,,X,953,X3B9
X03BA,EQP,,Boolean,,,,,,,,,,,,X,954,X3BA
X03BB,EQP,,Boolean,,,,,,,,,,,,X,955,X3BB
X03BC,EQP,,Boolean,,,,,,,,,,,,X,956,X3BC
X03BD,EQP,,Boolean,,,,,,,,,,,,X,957,X3BD
X03BE,EQP,,Boolean,,,,,,,,,,,,X,958,X3BE
X03BF,EQP,,Boolean,,,,,,,,,,,,X,959,X3BF
X03C0,EQP,,Boolean,,,,,,,,,,,,X,960,X3C0
X03C1,EQP,,Boolean,,,,,,,,,,,,X,961,X3C1
X03C2,EQP,,Boolean,,,,,,,,,,,,X,962,X3C2
X03C3,EQP,,Boolean,,,,,,,,,,,,X,963,X3C3
X03C4,EQP,,Boolean,,,,,,,,,,,,X,964,X3C4
X03C5,EQP,,Boolean,,,,,,,,,,,,X,965,X3C5
X03C6,EQP,,Boolean,,,,,,,,,,,,X,966,X3C6
X03C7,EQP,,Boolean,,,,,,,,,,,,X,967,X3C7
X03C8,EQP,,Boolean,,,,,,,,,,,,X,968,X3C8
X03C9,EQP,,Boolean,,,,,,,,,,,,X,969,X3C9
X03CA,EQP,,Boolean,,,,,,,,,,,,X,970,X3CA
X03CB,EQP,,Boolean,,,,,,,,,,,,X,971,X3CB
X03CC,EQP,,Boolean,,,,,,,,,,,,X,972,X3CC
X03CD,EQP,,Boolean,,,,,,,,,,,,X,973,X3CD
X03CE,EQP,,Boolean,,,,,,,,,,,,X,974,X3CE
X03CF,EQP,,Boolean,,,,,,,,,,,,X,975,X3CF
