Memory (Hex),Owner,Data Name,Data Format,Explanation,Device,Code_Property,Modbus_Register,EQ_NAME,,,,,,,
WR000,EQP,Interface Clock,Binary,,EQ,Interface_Clock,1,TS_1,,,,,WR00,0,WR000
WR001,EQP,,,,,,2,TS_1,,,,,WR00,1,WR001
WR002,EQP,,,,,,3,TS_1,,,,,WR00,2,WR002
WR003,EQP,EQP ON/OFFLine Mode Status ,Binary,,EQ,EQP_ON_OFFLine_Mode_Status,4,TS_1,,,,,WR00,3,WR003
WR004,EQP,,,,,,5,TS_1,,,,,WR00,4,WR004
WR005,EQP,Port Type Status ,Binary,,PORT1,Port_Type_Status,6,TS_1,,,,,WR00,5,WR005
WR006,EQP,Port Auto/Manual Mode Status ,Binary,,PORT1,Port_Auto_Manual_Mode_Status,7,TS_1,,,,,WR00,6,WR006
WR007,EQP,,,,,,8,TS_1,,,,,WR00,7,WR007
WR008,EQP,WIP Information-BCR ID#1,ASCII,,PORT1,WIP_Information_BCR_1,9,TS_1,,,,,WR00,8,WR008
WR009,EQP,WIP Information-BCR ID#2,ASCII,,PORT1,WIP_Information_BCR_2,10,TS_1,,,,,WR00,9,WR009
WR00A,EQP,WIP Information-BCR ID#3,ASCII,,PORT1,WIP_Information_BCR_3,11,TS_1,,,,,WR00,10,WR00A
WR00B,EQP,WIP Information-BCR ID#4,ASCII,,PORT1,WIP_Information_BCR_4,12,TS_1,,,,,WR00,11,WR00B
WR00C,EQP,WIP Information-BCR ID#5,ASCII,,PORT1,WIP_Information_BCR_5,13,TS_1,,,,,WR00,12,WR00C
WR00D,EQP,WIP Information-BCR ID#6,ASCII,,PORT1,WIP_Information_BCR_6,14,TS_1,,,,,WR00,13,WR00D
WR00E,EQP,WIP Information-BCR ID#7,ASCII,,PORT1,WIP_Information_BCR_7,15,TS_1,,,,,WR00,14,WR00E
WR00F,EQP,WIP Information-BCR ID#8,ASCII,,PORT1,WIP_Information_BCR_8,16,TS_1,,,,,WR00,15,WR00F
WR0010,EQP,WIP Information-BCR ID#9,ASCII,,PORT1,WIP_Information_BCR_9,17,TS_1,,,,,WR00,16,WR0010
WR0011,EQP,WIP Information-BCR ID#10,ASCII,,PORT1,WIP_Information_BCR_10,18,TS_1,,,,,WR00,17,WR0011
WR0012,EQP,,,,,,19,TS_1,,,,,WR00,18,WR0012
WR0013,EQP,,,,,,20,TS_1,,,,,WR00,19,WR0013
WR0014,EQP,,,,,,21,TS_1,,,,,WR00,20,WR0014
WR0015,EQP,Port Type Status,Binary,,PORT2,Port_Type_Status,22,TS_1,,,,,WR00,21,WR0015
WR0016,EQP,Port Auto/Manual Mode Status ,Binary,,PORT2,Port_Auto_Manual_Mode_Status,23,TS_1,,,,,WR00,22,WR0016
WR0017,EQP,,,,,,24,TS_1,,,,,WR00,23,WR0017
WR0018,EQP,WIP Information-BCR ID#1,ASCII,,PORT2,WIP_Information_BCR_1,25,TS_1,,,,,WR00,24,WR0018
WR0019,EQP,WIP Information-BCR ID#2,ASCII,,PORT2,WIP_Information_BCR_2,26,TS_1,,,,,WR00,25,WR0019
WR001A,EQP,WIP Information-BCR ID#3,ASCII,,PORT2,WIP_Information_BCR_3,27,TS_1,,,,,WR00,26,WR001A
WR001B,EQP,WIP Information-BCR ID#4,ASCII,,PORT2,WIP_Information_BCR_4,28,TS_1,,,,,WR00,27,WR001B
WR001C,EQP,WIP Information-BCR ID#5,ASCII,,PORT2,WIP_Information_BCR_5,29,TS_1,,,,,WR00,28,WR001C
WR001D,EQP,WIP Information-BCR ID#6,ASCII,,PORT2,WIP_Information_BCR_6,30,TS_1,,,,,WR00,29,WR001D
WR001E,EQP,WIP Information-BCR ID#7,ASCII,,PORT2,WIP_Information_BCR_7,31,TS_1,,,,,WR00,30,WR001E
WR001F,EQP,WIP Information-BCR ID#8,ASCII,,PORT2,WIP_Information_BCR_8,32,TS_1,,,,,WR00,31,WR001F
WR0020,EQP,WIP Information-BCR ID#9,ASCII,,PORT2,WIP_Information_BCR_9,33,TS_1,,,,,WR00,32,WR0020
WR0021,EQP,WIP Information-BCR ID#10,ASCII,,PORT2,WIP_Information_BCR_10,34,TS_1,,,,,WR00,33,WR0021
WR0022,EQP,,,,,,35,TS_1,,,,,WR00,34,WR0022
WR0023,EQP,,,,,,36,TS_1,,,,,WR00,35,WR0023
WR0024,EQP,,,,,,37,TS_1,,,,,WR00,36,WR0024
WR0025,EQP,,,,,,38,TS_1,,,,,WR00,37,WR0025
WR0026,EQP,,,,,,39,TS_1,,,,,WR00,38,WR0026
WR0027,EQP,,,,,,40,TS_1,,,,,WR00,39,WR0027
WR0028,EQP,,,,,,41,TS_1,,,,,WR00,40,WR0028
WR0029,EQP,,,,,,42,TS_1,,,,,WR00,41,WR0029
WR002A,EQP,Warning Report Index,Binary,,EQ,Warning_Report_Index,43,TS_1,,,,,WR00,42,WR002A
WR002B,EQP,Warning Code (1-16),Binary,,EQ,Warning_Code_1_16,44,TS_1,,,,,WR00,43,WR002B
WR002C,EQP,Warning Code (17-32),Binary,,EQ,Warning_Code_17_32,45,TS_1,,,,,WR00,44,WR002C
WR002D,EQP,Warning Code (33-48),Binary,,EQ,Warning_Code_33_48,46,TS_1,,,,,WR00,45,WR002D
WR002E,EQP,,,,,,47,TS_1,,,,,WR00,46,WR002E
WR002F,EQP,,,,,,48,TS_1,,,,,WR00,47,WR002F
WR0030,EQP,,,,,,49,TS_1,,,,,WR00,48,WR0030
WR0031,EQP,Alarm Report Index,Binary,,EQ,Alarm_Report_Index,50,TS_1,,,,,WR00,49,WR0031
WR0032,EQP,Alarm Code (1-16),Binary,,EQ,Alarm_Code_1_16,51,TS_1,,,,,WR00,50,WR0032
WR0033,EQP,Alarm Code (17-32),Binary,,EQ,Alarm_Code_17_32,52,TS_1,,,,,WR00,51,WR0033
WR0034,EQP,Alarm Code (33-48),Binary,,EQ,Alarm_Code_33_48,53,TS_1,,,,,WR00,52,WR0034
WR0035,EQP,,,,,,,TS_1,,,,,WR00,53,WR0035
WR0036,EQP,,,,,,,TS_1,,,,,WR00,54,WR0036
WR0037,EQP,,,,,,,TS_1,,,,,WR00,55,WR0037
WR0038,EQP,,,,,,,TS_1,,,,,WR00,56,WR0038
WR0039,EQP,,,,,,,TS_1,,,,,WR00,57,WR0039
WR003A,EQP,,,,,,,TS_1,,,,,WR00,58,WR003A
WR003B,EQP,,,,,,,TS_1,,,,,WR00,59,WR003B
WR003C,EQP,,,,,,,TS_1,,,,,WR00,60,WR003C
WR003D,EQP,,,,,,,TS_1,,,,,WR00,61,WR003D
WR003E,EQP,,,,,,,TS_1,,,,,WR00,62,WR003E
WR003F,EQP,,,,,,,TS_1,,,,,WR00,63,WR003F
WR0040,EQP,,,,,,,TS_1,,,,,WR00,64,WR0040
WR0041,EQP,,,,,,,TS_1,,,,,WR00,65,WR0041
WR0042,EQP,,,,,,,TS_1,,,,,WR00,66,WR0042
WR0043,EQP,,,,,,,TS_1,,,,,WR00,67,WR0043
WR0044,EQP,,,,,,,TS_1,,,,,WR00,68,WR0044
WR0045,EQP,,,,,,,TS_1,,,,,WR00,69,WR0045
WR0046,EQP,,,,,,,TS_1,,,,,WR00,70,WR0046
WR0047,EQP,,,,,,,TS_1,,,,,WR00,71,WR0047
WR0048,EQP,,,,,,,TS_1,,,,,WR00,72,WR0048
WR0049,EQP,,,,,,,TS_1,,,,,WR00,73,WR0049
WR004A,EQP,,,,,,,TS_1,,,,,WR00,74,WR004A
WR004B,EQP,,,,,,,TS_1,,,,,WR00,75,WR004B
WR004C,EQP,,,,,,,TS_1,,,,,WR00,76,WR004C
WR004D,EQP,,,,,,,TS_1,,,,,WR00,77,WR004D
WR004E,EQP,,,,,,,TS_1,,,,,WR00,78,WR004E
WR004F,EQP,,,,,,,TS_1,,,,,WR00,79,WR004F
WR0050,EQP,,,,,,,TS_1,,,,,WR00,80,WR0050
WR0051,EQP,,,,,,,TS_1,,,,,WR00,81,WR0051
WR0052,EQP,,,,,,,TS_1,,,,,WR00,82,WR0052
WR0053,EQP,,,,,,,TS_1,,,,,WR00,83,WR0053
WR0054,EQP,,,,,,,TS_1,,,,,WR00,84,WR0054
WR0055,EQP,,,,,,,TS_1,,,,,WR00,85,WR0055
WR0056,EQP,,,,,,,TS_1,,,,,WR00,86,WR0056
WR0057,EQP,,,,,,,TS_1,,,,,WR00,87,WR0057
WR0058,EQP,,,,,,,TS_1,,,,,WR00,88,WR0058
WR0059,EQP,,,,,,,TS_1,,,,,WR00,89,WR0059
WR005A,EQP,,,,,,,TS_1,,,,,WR00,90,WR005A
WR005B,EQP,,,,,,,TS_1,,,,,WR00,91,WR005B
WR005C,EQP,,,,,,,TS_1,,,,,WR00,92,WR005C
WR005D,EQP,,,,,,,TS_1,,,,,WR00,93,WR005D
WR005E,EQP,,,,,,,TS_1,,,,,WR00,94,WR005E
WR005F,EQP,,,,,,,TS_1,,,,,WR00,95,WR005F
WR0060,EQP,,,,,,,TS_1,,,,,WR00,96,WR0060
WR0061,EQP,,,,,,,TS_1,,,,,WR00,97,WR0061
WR0062,EQP,,,,,,,TS_1,,,,,WR00,98,WR0062
WR0063,EQP,,,,,,,TS_1,,,,,WR00,99,WR0063
WR0064,EQP,,,,,,,TS_1,,,,,WR00,100,WR0064
WR0065,EQP,,,,,,,TS_1,,,,,WR00,101,WR0065
WR0066,EQP,,,,,,,TS_1,,,,,WR00,102,WR0066
WR0067,EQP,,,,,,,TS_1,,,,,WR00,103,WR0067
WR0068,EQP,,,,,,,TS_1,,,,,WR00,104,WR0068
WR0069,EQP,,,,,,,TS_1,,,,,WR00,105,WR0069
WR006A,EQP,,,,,,,TS_1,,,,,WR00,106,WR006A
WR006B,EQP,,,,,,,TS_1,,,,,WR00,107,WR006B
WR006C,EQP,,,,,,,TS_1,,,,,WR00,108,WR006C
WR006D,EQP,,,,,,,TS_1,,,,,WR00,109,WR006D
WR006E,EQP,,,,,,,TS_1,,,,,WR00,110,WR006E
WR006F,EQP,,,,,,,TS_1,,,,,WR00,111,WR006F
WR0070,EQP,,,,,,,TS_1,,,,,WR00,112,WR0070
WR0071,EQP,,,,,,,TS_1,,,,,WR00,113,WR0071
WR0072,EQP,,,,,,,TS_1,,,,,WR00,114,WR0072
WR0073,EQP,,,,,,,TS_1,,,,,WR00,115,WR0073
WR0074,EQP,,,,,,,TS_1,,,,,WR00,116,WR0074
WR0075,EQP,,,,,,,TS_1,,,,,WR00,117,WR0075
WR0076,EQP,,,,,,,TS_1,,,,,WR00,118,WR0076
WR0077,EQP,,,,,,,TS_1,,,,,WR00,119,WR0077
WR0078,EQP,,,,,,,TS_1,,,,,WR00,120,WR0078
WR0079,EQP,,,,,,,TS_1,,,,,WR00,121,WR0079
WR007A,EQP,,,,,,,TS_1,,,,,WR00,122,WR007A
WR007B,EQP,,,,,,,TS_1,,,,,WR00,123,WR007B
WR007C,EQP,,,,,,,TS_1,,,,,WR00,124,WR007C
WR007D,EQP,,,,,,,TS_1,,,,,WR00,125,WR007D
WR007E,EQP,,,,,,,TS_1,,,,,WR00,126,WR007E
WR007F,EQP,,,,,,,TS_1,,,,,WR00,127,WR007F
WR0080,EQP,,,,,,,TS_1,,,,,WR00,128,WR0080
WR0081,EQP,,,,,,,TS_1,,,,,WR00,129,WR0081
WR0082,EQP,,,,,,,TS_1,,,,,WR00,130,WR0082
WR0083,EQP,,,,,,,TS_1,,,,,WR00,131,WR0083
WR0084,EQP,,,,,,,TS_1,,,,,WR00,132,WR0084
WR0085,EQP,,,,,,,TS_1,,,,,WR00,133,WR0085
WR0086,EQP,,,,,,,TS_1,,,,,WR00,134,WR0086
WR0087,EQP,,,,,,,TS_1,,,,,WR00,135,WR0087
WR0088,EQP,,,,,,,TS_1,,,,,WR00,136,WR0088
WR0089,EQP,,,,,,,TS_1,,,,,WR00,137,WR0089
WR008A,EQP,,,,,,,TS_1,,,,,WR00,138,WR008A
WR008B,EQP,,,,,,,TS_1,,,,,WR00,139,WR008B
WR008C,EQP,,,,,,,TS_1,,,,,WR00,140,WR008C
WR008D,EQP,,,,,,,TS_1,,,,,WR00,141,WR008D
WR008E,EQP,,,,,,,TS_1,,,,,WR00,142,WR008E
WR008F,EQP,,,,,,,TS_1,,,,,WR00,143,WR008F
WR0090,EQP,,,,,,,TS_1,,,,,WR00,144,WR0090
WR0091,EQP,,,,,,,TS_1,,,,,WR00,145,WR0091
WR0092,EQP,,,,,,,TS_1,,,,,WR00,146,WR0092
WR0093,EQP,,,,,,,TS_1,,,,,WR00,147,WR0093
WR0094,EQP,,,,,,,TS_1,,,,,WR00,148,WR0094
WR0095,EQP,,,,,,,TS_1,,,,,WR00,149,WR0095
WR0096,EQP,,,,,,,TS_1,,,,,WR00,150,WR0096
WR0097,EQP,,,,,,,TS_1,,,,,WR00,151,WR0097
WR0098,EQP,,,,,,,TS_1,,,,,WR00,152,WR0098
WR0099,EQP,,,,,,,TS_1,,,,,WR00,153,WR0099
WR009A,EQP,,,,,,,TS_1,,,,,WR00,154,WR009A
WR009B,EQP,,,,,,,TS_1,,,,,WR00,155,WR009B
WR009C,EQP,,,,,,,TS_1,,,,,WR00,156,WR009C
WR009D,EQP,,,,,,,TS_1,,,,,WR00,157,WR009D
WR009E,EQP,,,,,,,TS_1,,,,,WR00,158,WR009E
WR009F,EQP,,,,,,,TS_1,,,,,WR00,159,WR009F
WR00A0,EQP,,,,,,,TS_1,,,,,WR00,160,WR00A0
WR00A1,EQP,,,,,,,TS_1,,,,,WR00,161,WR00A1
WR00A2,EQP,,,,,,,TS_1,,,,,WR00,162,WR00A2
WR00A3,EQP,,,,,,,TS_1,,,,,WR00,163,WR00A3
WR00A4,EQP,,,,,,,TS_1,,,,,WR00,164,WR00A4
WR00A5,EQP,,,,,,,TS_1,,,,,WR00,165,WR00A5
WR00A6,EQP,,,,,,,TS_1,,,,,WR00,166,WR00A6
WR00A7,EQP,,,,,,,TS_1,,,,,WR00,167,WR00A7
WR00A8,EQP,,,,,,,TS_1,,,,,WR00,168,WR00A8
WR00A9,EQP,,,,,,,TS_1,,,,,WR00,169,WR00A9
WR00AA,EQP,,,,,,,TS_1,,,,,WR00,170,WR00AA
WR00AB,EQP,,,,,,,TS_1,,,,,WR00,171,WR00AB
WR00AC,EQP,,,,,,,TS_1,,,,,WR00,172,WR00AC
WR00AD,EQP,,,,,,,TS_1,,,,,WR00,173,WR00AD
WR00AE,EQP,,,,,,,TS_1,,,,,WR00,174,WR00AE
WR00AF,EQP,,,,,,,TS_1,,,,,WR00,175,WR00AF
WR00B0,EQP,,,,,,,TS_1,,,,,WR00,176,WR00B0
WR00B1,EQP,,,,,,,TS_1,,,,,WR00,177,WR00B1
WR00B2,EQP,,,,,,,TS_1,,,,,WR00,178,WR00B2
WR00B3,EQP,,,,,,,TS_1,,,,,WR00,179,WR00B3
WR00B4,EQP,,,,,,,TS_1,,,,,WR00,180,WR00B4
WR00B5,EQP,,,,,,,TS_1,,,,,WR00,181,WR00B5
WR00B6,EQP,,,,,,,TS_1,,,,,WR00,182,WR00B6
WR00B7,EQP,,,,,,,TS_1,,,,,WR00,183,WR00B7
WR00B8,EQP,,,,,,,TS_1,,,,,WR00,184,WR00B8
WR00B9,EQP,,,,,,,TS_1,,,,,WR00,185,WR00B9
WR00BA,EQP,,,,,,,TS_1,,,,,WR00,186,WR00BA
WR00BB,EQP,,,,,,,TS_1,,,,,WR00,187,WR00BB
WR00BC,EQP,,,,,,,TS_1,,,,,WR00,188,WR00BC
WR00BD,EQP,,,,,,,TS_1,,,,,WR00,189,WR00BD
WR00BE,EQP,,,,,,,TS_1,,,,,WR00,190,WR00BE
WR00BF,EQP,,,,,,,TS_1,,,,,WR00,191,WR00BF
WR00C0,EQP,,,,,,,TS_1,,,,,WR00,192,WR00C0
WR00C1,EQP,,,,,,,TS_1,,,,,WR00,193,WR00C1
WR00C2,EQP,,,,,,,TS_1,,,,,WR00,194,WR00C2
WR00C3,EQP,,,,,,,TS_1,,,,,WR00,195,WR00C3
WR00C4,EQP,,,,,,,TS_1,,,,,WR00,196,WR00C4
WR00C5,EQP,,,,,,,TS_1,,,,,WR00,197,WR00C5
WR00C6,EQP,,,,,,,TS_1,,,,,WR00,198,WR00C6
WR00C7,EQP,,,,,,,TS_1,,,,,WR00,199,WR00C7
WR00C8,EQP,,,,,,,TS_1,,,,,WR00,200,WR00C8
WR00C9,EQP,,,,,,,TS_1,,,,,WR00,201,WR00C9
WR00CA,EQP,,,,,,,TS_1,,,,,WR00,202,WR00CA
WR00CB,EQP,,,,,,,TS_1,,,,,WR00,203,WR00CB
WR00CC,EQP,,,,,,,TS_1,,,,,WR00,204,WR00CC
WR00CD,EQP,,,,,,,TS_1,,,,,WR00,205,WR00CD
WR00CE,EQP,,,,,,,TS_1,,,,,WR00,206,WR00CE
WR00CF,EQP,,,,,,,TS_1,,,,,WR00,207,WR00CF
WR00D0,EQP,,,,,,,TS_1,,,,,WR00,208,WR00D0
WR00D1,EQP,,,,,,,TS_1,,,,,WR00,209,WR00D1
WR00D2,EQP,,,,,,,TS_1,,,,,WR00,210,WR00D2
WR00D3,EQP,,,,,,,TS_1,,,,,WR00,211,WR00D3
WR00D4,EQP,,,,,,,TS_1,,,,,WR00,212,WR00D4
WR00D5,EQP,,,,,,,TS_1,,,,,WR00,213,WR00D5
WR00D6,EQP,,,,,,,TS_1,,,,,WR00,214,WR00D6
WR00D7,EQP,,,,,,,TS_1,,,,,WR00,215,WR00D7
WR00D8,EQP,,,,,,,TS_1,,,,,WR00,216,WR00D8
WR00D9,EQP,,,,,,,TS_1,,,,,WR00,217,WR00D9
WR00DA,EQP,,,,,,,TS_1,,,,,WR00,218,WR00DA
WR00DB,EQP,,,,,,,TS_1,,,,,WR00,219,WR00DB
WR00DC,EQP,,,,,,,TS_1,,,,,WR00,220,WR00DC
WR00DD,EQP,,,,,,,TS_1,,,,,WR00,221,WR00DD
WR00DE,EQP,,,,,,,TS_1,,,,,WR00,222,WR00DE
WR00DF,EQP,,,,,,,TS_1,,,,,WR00,223,WR00DF
WR00E0,EQP,,,,,,,TS_1,,,,,WR00,224,WR00E0
WR00E1,EQP,,,,,,,TS_1,,,,,WR00,225,WR00E1
WR00E2,EQP,,,,,,,TS_1,,,,,WR00,226,WR00E2
WR00E3,EQP,,,,,,,TS_1,,,,,WR00,227,WR00E3
WR00E4,EQP,,,,,,,TS_1,,,,,WR00,228,WR00E4
WR00E5,EQP,,,,,,,TS_1,,,,,WR00,229,WR00E5
WR00E6,EQP,,,,,,,TS_1,,,,,WR00,230,WR00E6
WR00E7,EQP,,,,,,,TS_1,,,,,WR00,231,WR00E7
WR00E8,EQP,,,,,,,TS_1,,,,,WR00,232,WR00E8
WR00E9,EQP,,,,,,,TS_1,,,,,WR00,233,WR00E9
WR00EA,EQP,,,,,,,TS_1,,,,,WR00,234,WR00EA
WR00EB,EQP,,,,,,,TS_1,,,,,WR00,235,WR00EB
WR00EC,EQP,,,,,,,TS_1,,,,,WR00,236,WR00EC
WR00ED,EQP,,,,,,,TS_1,,,,,WR00,237,WR00ED
WR00EE,EQP,,,,,,,TS_1,,,,,WR00,238,WR00EE
WR00EF,EQP,,,,,,,TS_1,,,,,WR00,239,WR00EF
WR00F0,EQP,,,,,,,TS_1,,,,,WR00,240,WR00F0
WR00F1,EQP,,,,,,,TS_1,,,,,WR00,241,WR00F1
WR00F2,EQP,,,,,,,TS_1,,,,,WR00,242,WR00F2
WR00F3,EQP,,,,,,,TS_1,,,,,WR00,243,WR00F3
WR00F4,EQP,,,,,,,TS_1,,,,,WR00,244,WR00F4
WR00F5,EQP,,,,,,,TS_1,,,,,WR00,245,WR00F5
WR00F6,EQP,,,,,,,TS_1,,,,,WR00,246,WR00F6
WR00F7,EQP,,,,,,,TS_1,,,,,WR00,247,WR00F7
WR00F8,EQP,,,,,,,TS_1,,,,,WR00,248,WR00F8
WR00F9,EQP,,,,,,,TS_1,,,,,WR00,249,WR00F9
WR00FA,EQP,,,,,,,TS_1,,,,,WR00,250,WR00FA
WR00FB,EQP,,,,,,,TS_1,,,,,WR00,251,WR00FB
WR00FC,EQP,,,,,,,TS_1,,,,,WR00,252,WR00FC
WR00FD,EQP,,,,,,,TS_1,,,,,WR00,253,WR00FD
WR00FE,EQP,,,,,,,TS_1,,,,,WR00,254,WR00FE
WR00FF,EQP,,,,,,,TS_1,,,,,WR00,255,WR00FF
WR00100,EQP,Interface Clock,Binary,,EQ,Interface_Clock,1,TS_2_1,,,,,WR00,256,WR00100
WR00101,EQP,,,,,,2,TS_2_1,,,,,WR00,257,WR00101
WR00102,EQP,,,,,,3,TS_2_1,,,,,WR00,258,WR00102
WR00103,EQP,EQP ON/OFFLine Mode Status ,Binary,,EQ,EQP_ON_OFFLine_Mode_Status,4,TS_2_1,,,,,WR00,259,WR00103
WR00104,EQP,,,,,,5,TS_2_1,,,,,WR00,260,WR00104
WR00105,EQP,Port Type Status ,Binary,,PORT1,Port_Type_Status,6,TS_2_1,,,,,WR00,261,WR00105
WR00106,EQP,Port Auto/Manual Mode Status ,Binary,,PORT1,Port_Auto_Manual_Mode_Status,7,TS_2_1,,,,,WR00,262,WR00106
WR00107,EQP,,,,,,8,TS_2_1,,,,,WR00,263,WR00107
WR00108,EQP,WIP Information-BCR ID#11,ASCII,,PORT1,WIP_Information_BCR_1,9,TS_2_1,,,,,WR00,264,WR00108
WR00109,EQP,WIP Information-BCR ID#12,ASCII,,PORT1,WIP_Information_BCR_2,10,TS_2_1,,,,,WR00,265,WR00109
WR0010A,EQP,WIP Information-BCR ID#13,ASCII,,PORT1,WIP_Information_BCR_3,11,TS_2_1,,,,,WR00,266,WR0010A
WR0010B,EQP,WIP Information-BCR ID#14,ASCII,,PORT1,WIP_Information_BCR_4,12,TS_2_1,,,,,WR00,267,WR0010B
WR0010C,EQP,WIP Information-BCR ID#15,ASCII,,PORT1,WIP_Information_BCR_5,13,TS_2_1,,,,,WR00,268,WR0010C
WR0010D,EQP,WIP Information-BCR ID#16,ASCII,,PORT1,WIP_Information_BCR_6,14,TS_2_1,,,,,WR00,269,WR0010D
WR0010E,EQP,WIP Information-BCR ID#17,ASCII,,PORT1,WIP_Information_BCR_7,15,TS_2_1,,,,,WR00,270,WR0010E
WR0010F,EQP,WIP Information-BCR ID#18,ASCII,,PORT1,WIP_Information_BCR_8,16,TS_2_1,,,,,WR00,271,WR0010F
WR00110,EQP,WIP Information-BCR ID#19,ASCII,,PORT1,WIP_Information_BCR_9,17,TS_2_1,,,,,WR00,272,WR00110
WR00111,EQP,WIP Information-BCR ID#20,ASCII,,PORT1,WIP_Information_BCR_10,18,TS_2_1,,,,,WR00,273,WR00111
WR00112,EQP,,,,,,19,TS_2_1,,,,,WR00,274,WR00112
WR00113,EQP,,,,,,20,TS_2_1,,,,,WR00,275,WR00113
WR00114,EQP,,,,,,21,TS_2_1,,,,,WR00,276,WR00114
WR00115,EQP,Port Type Status,Binary,,PORT2,Port_Type_Status,22,TS_2_1,,,,,WR00,277,WR00115
WR00116,EQP,Port Auto/Manual Mode Status ,Binary,,PORT2,Port_Auto_Manual_Mode_Status,23,TS_2_1,,,,,WR00,278,WR00116
WR00117,EQP,,,,,,24,TS_2_1,,,,,WR00,279,WR00117
WR00118,EQP,WIP Information-BCR ID#11,ASCII,,PORT2,WIP_Information_BCR_1,25,TS_2_1,,,,,WR00,280,WR00118
WR00119,EQP,WIP Information-BCR ID#12,ASCII,,PORT2,WIP_Information_BCR_2,26,TS_2_1,,,,,WR00,281,WR00119
WR0011A,EQP,WIP Information-BCR ID#13,ASCII,,PORT2,WIP_Information_BCR_3,27,TS_2_1,,,,,WR00,282,WR0011A
WR0011B,EQP,WIP Information-BCR ID#14,ASCII,,PORT2,WIP_Information_BCR_4,28,TS_2_1,,,,,WR00,283,WR0011B
WR0011C,EQP,WIP Information-BCR ID#15,ASCII,,PORT2,WIP_Information_BCR_5,29,TS_2_1,,,,,WR00,284,WR0011C
WR0011D,EQP,WIP Information-BCR ID#16,ASCII,,PORT2,WIP_Information_BCR_6,30,TS_2_1,,,,,WR00,285,WR0011D
WR0011E,EQP,WIP Information-BCR ID#17,ASCII,,PORT2,WIP_Information_BCR_7,31,TS_2_1,,,,,WR00,286,WR0011E
WR0011F,EQP,WIP Information-BCR ID#18,ASCII,,PORT2,WIP_Information_BCR_8,32,TS_2_1,,,,,WR00,287,WR0011F
WR00120,EQP,WIP Information-BCR ID#19,ASCII,,PORT2,WIP_Information_BCR_9,33,TS_2_1,,,,,WR00,288,WR00120
WR00121,EQP,WIP Information-BCR ID#20,ASCII,,PORT2,WIP_Information_BCR_10,34,TS_2_1,,,,,WR00,289,WR00121
WR00122,EQP,,,,,,35,TS_2_1,,,,,WR00,290,WR00122
WR00123,EQP,,,,,,36,TS_2_1,,,,,WR00,291,WR00123
WR00124,EQP,,,,,,37,TS_2_1,,,,,WR00,292,WR00124
WR00125,EQP,,,,,,38,TS_2_1,,,,,WR00,293,WR00125
WR00126,EQP,,,,,,39,TS_2_1,,,,,WR00,294,WR00126
WR00127,EQP,,,,,,40,TS_2_1,,,,,WR00,295,WR00127
WR00128,EQP,,,,,,41,TS_2_1,,,,,WR00,296,WR00128
WR00129,EQP,,,,,,42,TS_2_1,,,,,WR00,297,WR00129
WR0012A,EQP,Warning Report Index,Binary,,EQ,Warning_Report_Index,43,TS_2_1,,,,,WR00,298,WR0012A
WR0012B,EQP,Warning Code (1-17),Binary,,EQ,Warning_Code_1_16,44,TS_2_1,,,,,WR00,299,WR0012B
WR0012C,EQP,Warning Code (17-33),Binary,,EQ,Warning_Code_17_32,45,TS_2_1,,,,,WR00,300,WR0012C
WR0012D,EQP,Warning Code (33-49),Binary,,EQ,Warning_Code_33_48,46,TS_2_1,,,,,WR00,301,WR0012D
WR0012E,EQP,,,,,,47,TS_2_1,,,,,WR00,302,WR0012E
WR0012F,EQP,,,,,,48,TS_2_1,,,,,WR00,303,WR0012F
WR00130,EQP,,,,,,49,TS_2_1,,,,,WR00,304,WR00130
WR00131,EQP,Alarm Report Index,Binary,,EQ,Alarm_Report_Index,50,TS_2_1,,,,,WR00,305,WR00131
WR00132,EQP,Alarm Code (1-17),Binary,,EQ,Alarm_Code_1_16,51,TS_2_1,,,,,WR00,306,WR00132
WR00133,EQP,Alarm Code (17-33),Binary,,EQ,Alarm_Code_17_32,52,TS_2_1,,,,,WR00,307,WR00133
WR00134,EQP,Alarm Code (33-49),Binary,,EQ,Alarm_Code_33_48,53,TS_2_1,,,,,WR00,308,WR00134
WR00135,EQP,,,,,,,TS_2_1,,,,,WR00,309,WR00135
WR00136,EQP,,,,,,,TS_2_1,,,,,WR00,310,WR00136
WR00137,EQP,,,,,,,TS_2_1,,,,,WR00,311,WR00137
WR00138,EQP,,,,,,,TS_2_1,,,,,WR00,312,WR00138
WR00139,EQP,,,,,,,TS_2_1,,,,,WR00,313,WR00139
WR0013A,EQP,,,,,,,TS_2_1,,,,,WR00,314,WR0013A
WR0013B,EQP,,,,,,,TS_2_1,,,,,WR00,315,WR0013B
WR0013C,EQP,,,,,,,TS_2_1,,,,,WR00,316,WR0013C
WR0013D,EQP,,,,,,,TS_2_1,,,,,WR00,317,WR0013D
WR0013E,EQP,,,,,,,TS_2_1,,,,,WR00,318,WR0013E
WR0013F,EQP,,,,,,,TS_2_1,,,,,WR00,319,WR0013F
WR00140,EQP,,,,,,,TS_2_1,,,,,WR00,320,WR00140
WR00141,EQP,,,,,,,TS_2_1,,,,,WR00,321,WR00141
WR00142,EQP,,,,,,,TS_2_1,,,,,WR00,322,WR00142
WR00143,EQP,,,,,,,TS_2_1,,,,,WR00,323,WR00143
WR00144,EQP,,,,,,,TS_2_1,,,,,WR00,324,WR00144
WR00145,EQP,,,,,,,TS_2_1,,,,,WR00,325,WR00145
WR00146,EQP,,,,,,,TS_2_1,,,,,WR00,326,WR00146
WR00147,EQP,,,,,,,TS_2_1,,,,,WR00,327,WR00147
WR00148,EQP,,,,,,,TS_2_1,,,,,WR00,328,WR00148
WR00149,EQP,,,,,,,TS_2_1,,,,,WR00,329,WR00149
WR0014A,EQP,,,,,,,TS_2_1,,,,,WR00,330,WR0014A
WR0014B,EQP,,,,,,,TS_2_1,,,,,WR00,331,WR0014B
WR0014C,EQP,,,,,,,TS_2_1,,,,,WR00,332,WR0014C
WR0014D,EQP,,,,,,,TS_2_1,,,,,WR00,333,WR0014D
WR0014E,EQP,,,,,,,TS_2_1,,,,,WR00,334,WR0014E
WR0014F,EQP,,,,,,,TS_2_1,,,,,WR00,335,WR0014F
WR00150,EQP,,,,,,,TS_2_1,,,,,WR00,336,WR00150
WR00151,EQP,,,,,,,TS_2_1,,,,,WR00,337,WR00151
WR00152,EQP,,,,,,,TS_2_1,,,,,WR00,338,WR00152
WR00153,EQP,,,,,,,TS_2_1,,,,,WR00,339,WR00153
WR00154,EQP,,,,,,,TS_2_1,,,,,WR00,340,WR00154
WR00155,EQP,,,,,,,TS_2_1,,,,,WR00,341,WR00155
WR00156,EQP,,,,,,,TS_2_1,,,,,WR00,342,WR00156
WR00157,EQP,,,,,,,TS_2_1,,,,,WR00,343,WR00157
WR00158,EQP,,,,,,,TS_2_1,,,,,WR00,344,WR00158
WR00159,EQP,,,,,,,TS_2_1,,,,,WR00,345,WR00159
WR0015A,EQP,,,,,,,TS_2_1,,,,,WR00,346,WR0015A
WR0015B,EQP,,,,,,,TS_2_1,,,,,WR00,347,WR0015B
WR0015C,EQP,,,,,,,TS_2_1,,,,,WR00,348,WR0015C
WR0015D,EQP,,,,,,,TS_2_1,,,,,WR00,349,WR0015D
WR0015E,EQP,,,,,,,TS_2_1,,,,,WR00,350,WR0015E
WR0015F,EQP,,,,,,,TS_2_1,,,,,WR00,351,WR0015F
WR00160,EQP,,,,,,,TS_2_1,,,,,WR00,352,WR00160
WR00161,EQP,,,,,,,TS_2_1,,,,,WR00,353,WR00161
WR00162,EQP,,,,,,,TS_2_1,,,,,WR00,354,WR00162
WR00163,EQP,,,,,,,TS_2_1,,,,,WR00,355,WR00163
WR00164,EQP,,,,,,,TS_2_1,,,,,WR00,356,WR00164
WR00165,EQP,,,,,,,TS_2_1,,,,,WR00,357,WR00165
WR00166,EQP,,,,,,,TS_2_1,,,,,WR00,358,WR00166
WR00167,EQP,,,,,,,TS_2_1,,,,,WR00,359,WR00167
WR00168,EQP,,,,,,,TS_2_1,,,,,WR00,360,WR00168
WR00169,EQP,,,,,,,TS_2_1,,,,,WR00,361,WR00169
WR0016A,EQP,,,,,,,TS_2_1,,,,,WR00,362,WR0016A
WR0016B,EQP,,,,,,,TS_2_1,,,,,WR00,363,WR0016B
WR0016C,EQP,,,,,,,TS_2_1,,,,,WR00,364,WR0016C
WR0016D,EQP,,,,,,,TS_2_1,,,,,WR00,365,WR0016D
WR0016E,EQP,,,,,,,TS_2_1,,,,,WR00,366,WR0016E
WR0016F,EQP,,,,,,,TS_2_1,,,,,WR00,367,WR0016F
WR00170,EQP,,,,,,,TS_2_1,,,,,WR00,368,WR00170
WR00171,EQP,,,,,,,TS_2_1,,,,,WR00,369,WR00171
WR00172,EQP,,,,,,,TS_2_1,,,,,WR00,370,WR00172
WR00173,EQP,,,,,,,TS_2_1,,,,,WR00,371,WR00173
WR00174,EQP,,,,,,,TS_2_1,,,,,WR00,372,WR00174
WR00175,EQP,,,,,,,TS_2_1,,,,,WR00,373,WR00175
WR00176,EQP,,,,,,,TS_2_1,,,,,WR00,374,WR00176
WR00177,EQP,,,,,,,TS_2_1,,,,,WR00,375,WR00177
WR00178,EQP,,,,,,,TS_2_1,,,,,WR00,376,WR00178
WR00179,EQP,,,,,,,TS_2_1,,,,,WR00,377,WR00179
WR0017A,EQP,,,,,,,TS_2_1,,,,,WR00,378,WR0017A
WR0017B,EQP,,,,,,,TS_2_1,,,,,WR00,379,WR0017B
WR0017C,EQP,,,,,,,TS_2_1,,,,,WR00,380,WR0017C
WR0017D,EQP,,,,,,,TS_2_1,,,,,WR00,381,WR0017D
WR0017E,EQP,,,,,,,TS_2_1,,,,,WR00,382,WR0017E
WR0017F,EQP,,,,,,,TS_2_1,,,,,WR00,383,WR0017F
WR00180,EQP,,,,,,,TS_2_1,,,,,WR00,384,WR00180
WR00181,EQP,,,,,,,TS_2_1,,,,,WR00,385,WR00181
WR00182,EQP,,,,,,,TS_2_1,,,,,WR00,386,WR00182
WR00183,EQP,,,,,,,TS_2_1,,,,,WR00,387,WR00183
WR00184,EQP,,,,,,,TS_2_1,,,,,WR00,388,WR00184
WR00185,EQP,,,,,,,TS_2_1,,,,,WR00,389,WR00185
WR00186,EQP,,,,,,,TS_2_1,,,,,WR00,390,WR00186
WR00187,EQP,,,,,,,TS_2_1,,,,,WR00,391,WR00187
WR00188,EQP,,,,,,,TS_2_1,,,,,WR00,392,WR00188
WR00189,EQP,,,,,,,TS_2_1,,,,,WR00,393,WR00189
WR0018A,EQP,,,,,,,TS_2_1,,,,,WR00,394,WR0018A
WR0018B,EQP,,,,,,,TS_2_1,,,,,WR00,395,WR0018B
WR0018C,EQP,,,,,,,TS_2_1,,,,,WR00,396,WR0018C
WR0018D,EQP,,,,,,,TS_2_1,,,,,WR00,397,WR0018D
WR0018E,EQP,,,,,,,TS_2_1,,,,,WR00,398,WR0018E
WR0018F,EQP,,,,,,,TS_2_1,,,,,WR00,399,WR0018F
WR00190,EQP,,,,,,,TS_2_1,,,,,WR00,400,WR00190
WR00191,EQP,,,,,,,TS_2_1,,,,,WR00,401,WR00191
WR00192,EQP,,,,,,,TS_2_1,,,,,WR00,402,WR00192
WR00193,EQP,,,,,,,TS_2_1,,,,,WR00,403,WR00193
WR00194,EQP,,,,,,,TS_2_1,,,,,WR00,404,WR00194
WR00195,EQP,,,,,,,TS_2_1,,,,,WR00,405,WR00195
WR00196,EQP,,,,,,,TS_2_1,,,,,WR00,406,WR00196
WR00197,EQP,,,,,,,TS_2_1,,,,,WR00,407,WR00197
WR00198,EQP,,,,,,,TS_2_1,,,,,WR00,408,WR00198
WR00199,EQP,,,,,,,TS_2_1,,,,,WR00,409,WR00199
WR0019A,EQP,,,,,,,TS_2_1,,,,,WR00,410,WR0019A
WR0019B,EQP,,,,,,,TS_2_1,,,,,WR00,411,WR0019B
WR0019C,EQP,,,,,,,TS_2_1,,,,,WR00,412,WR0019C
WR0019D,EQP,,,,,,,TS_2_1,,,,,WR00,413,WR0019D
WR0019E,EQP,,,,,,,TS_2_1,,,,,WR00,414,WR0019E
WR0019F,EQP,,,,,,,TS_2_1,,,,,WR00,415,WR0019F
WR001A0,EQP,,,,,,,TS_2_1,,,,,WR00,416,WR001A0
WR001A1,EQP,,,,,,,TS_2_1,,,,,WR00,417,WR001A1
WR001A2,EQP,,,,,,,TS_2_1,,,,,WR00,418,WR001A2
WR001A3,EQP,,,,,,,TS_2_1,,,,,WR00,419,WR001A3
WR001A4,EQP,,,,,,,TS_2_1,,,,,WR00,420,WR001A4
WR001A5,EQP,,,,,,,TS_2_1,,,,,WR00,421,WR001A5
WR001A6,EQP,,,,,,,TS_2_1,,,,,WR00,422,WR001A6
WR001A7,EQP,,,,,,,TS_2_1,,,,,WR00,423,WR001A7
WR001A8,EQP,,,,,,,TS_2_1,,,,,WR00,424,WR001A8
WR001A9,EQP,,,,,,,TS_2_1,,,,,WR00,425,WR001A9
WR001AA,EQP,,,,,,,TS_2_1,,,,,WR00,426,WR001AA
WR001AB,EQP,,,,,,,TS_2_1,,,,,WR00,427,WR001AB
WR001AC,EQP,,,,,,,TS_2_1,,,,,WR00,428,WR001AC
WR001AD,EQP,,,,,,,TS_2_1,,,,,WR00,429,WR001AD
WR001AE,EQP,,,,,,,TS_2_1,,,,,WR00,430,WR001AE
WR001AF,EQP,,,,,,,TS_2_1,,,,,WR00,431,WR001AF
WR001B0,EQP,,,,,,,TS_2_1,,,,,WR00,432,WR001B0
WR001B1,EQP,,,,,,,TS_2_1,,,,,WR00,433,WR001B1
WR001B2,EQP,,,,,,,TS_2_1,,,,,WR00,434,WR001B2
WR001B3,EQP,,,,,,,TS_2_1,,,,,WR00,435,WR001B3
WR001B4,EQP,,,,,,,TS_2_1,,,,,WR00,436,WR001B4
WR001B5,EQP,,,,,,,TS_2_1,,,,,WR00,437,WR001B5
WR001B6,EQP,,,,,,,TS_2_1,,,,,WR00,438,WR001B6
WR001B7,EQP,,,,,,,TS_2_1,,,,,WR00,439,WR001B7
WR001B8,EQP,,,,,,,TS_2_1,,,,,WR00,440,WR001B8
WR001B9,EQP,,,,,,,TS_2_1,,,,,WR00,441,WR001B9
WR001BA,EQP,,,,,,,TS_2_1,,,,,WR00,442,WR001BA
WR001BB,EQP,,,,,,,TS_2_1,,,,,WR00,443,WR001BB
WR001BC,EQP,,,,,,,TS_2_1,,,,,WR00,444,WR001BC
WR001BD,EQP,,,,,,,TS_2_1,,,,,WR00,445,WR001BD
WR001BE,EQP,,,,,,,TS_2_1,,,,,WR00,446,WR001BE
WR001BF,EQP,,,,,,,TS_2_1,,,,,WR00,447,WR001BF
WR001C0,EQP,,,,,,,TS_2_1,,,,,WR00,448,WR001C0
WR001C1,EQP,,,,,,,TS_2_1,,,,,WR00,449,WR001C1
WR001C2,EQP,,,,,,,TS_2_1,,,,,WR00,450,WR001C2
WR001C3,EQP,,,,,,,TS_2_1,,,,,WR00,451,WR001C3
WR001C4,EQP,,,,,,,TS_2_1,,,,,WR00,452,WR001C4
WR001C5,EQP,,,,,,,TS_2_1,,,,,WR00,453,WR001C5
WR001C6,EQP,,,,,,,TS_2_1,,,,,WR00,454,WR001C6
WR001C7,EQP,,,,,,,TS_2_1,,,,,WR00,455,WR001C7
WR001C8,EQP,,,,,,,TS_2_1,,,,,WR00,456,WR001C8
WR001C9,EQP,,,,,,,TS_2_1,,,,,WR00,457,WR001C9
WR001CA,EQP,,,,,,,TS_2_1,,,,,WR00,458,WR001CA
WR001CB,EQP,,,,,,,TS_2_1,,,,,WR00,459,WR001CB
WR001CC,EQP,,,,,,,TS_2_1,,,,,WR00,460,WR001CC
WR001CD,EQP,,,,,,,TS_2_1,,,,,WR00,461,WR001CD
WR001CE,EQP,,,,,,,TS_2_1,,,,,WR00,462,WR001CE
WR001CF,EQP,,,,,,,TS_2_1,,,,,WR00,463,WR001CF
WR001D0,EQP,,,,,,,TS_2_1,,,,,WR00,464,WR001D0
WR001D1,EQP,,,,,,,TS_2_1,,,,,WR00,465,WR001D1
WR001D2,EQP,,,,,,,TS_2_1,,,,,WR00,466,WR001D2
WR001D3,EQP,,,,,,,TS_2_1,,,,,WR00,467,WR001D3
WR001D4,EQP,,,,,,,TS_2_1,,,,,WR00,468,WR001D4
WR001D5,EQP,,,,,,,TS_2_1,,,,,WR00,469,WR001D5
WR001D6,EQP,,,,,,,TS_2_1,,,,,WR00,470,WR001D6
WR001D7,EQP,,,,,,,TS_2_1,,,,,WR00,471,WR001D7
WR001D8,EQP,,,,,,,TS_2_1,,,,,WR00,472,WR001D8
WR001D9,EQP,,,,,,,TS_2_1,,,,,WR00,473,WR001D9
WR001DA,EQP,,,,,,,TS_2_1,,,,,WR00,474,WR001DA
WR001DB,EQP,,,,,,,TS_2_1,,,,,WR00,475,WR001DB
WR001DC,EQP,,,,,,,TS_2_1,,,,,WR00,476,WR001DC
WR001DD,EQP,,,,,,,TS_2_1,,,,,WR00,477,WR001DD
WR001DE,EQP,,,,,,,TS_2_1,,,,,WR00,478,WR001DE
WR001DF,EQP,,,,,,,TS_2_1,,,,,WR00,479,WR001DF
WR001E0,EQP,,,,,,,TS_2_1,,,,,WR00,480,WR001E0
WR001E1,EQP,,,,,,,TS_2_1,,,,,WR00,481,WR001E1
WR001E2,EQP,,,,,,,TS_2_1,,,,,WR00,482,WR001E2
WR001E3,EQP,,,,,,,TS_2_1,,,,,WR00,483,WR001E3
WR001E4,EQP,,,,,,,TS_2_1,,,,,WR00,484,WR001E4
WR001E5,EQP,,,,,,,TS_2_1,,,,,WR00,485,WR001E5
WR001E6,EQP,,,,,,,TS_2_1,,,,,WR00,486,WR001E6
WR001E7,EQP,,,,,,,TS_2_1,,,,,WR00,487,WR001E7
WR001E8,EQP,,,,,,,TS_2_1,,,,,WR00,488,WR001E8
WR001E9,EQP,,,,,,,TS_2_1,,,,,WR00,489,WR001E9
WR001EA,EQP,,,,,,,TS_2_1,,,,,WR00,490,WR001EA
WR001EB,EQP,,,,,,,TS_2_1,,,,,WR00,491,WR001EB
WR001EC,EQP,,,,,,,TS_2_1,,,,,WR00,492,WR001EC
WR001ED,EQP,,,,,,,TS_2_1,,,,,WR00,493,WR001ED
WR001EE,EQP,,,,,,,TS_2_1,,,,,WR00,494,WR001EE
WR001EF,EQP,,,,,,,TS_2_1,,,,,WR00,495,WR001EF
WR001F0,EQP,,,,,,,TS_2_1,,,,,WR00,496,WR001F0
WR001F1,EQP,,,,,,,TS_2_1,,,,,WR00,497,WR001F1
WR001F2,EQP,,,,,,,TS_2_1,,,,,WR00,498,WR001F2
WR001F3,EQP,,,,,,,TS_2_1,,,,,WR00,499,WR001F3
WR001F4,EQP,,,,,,,TS_2_1,,,,,WR00,500,WR001F4
WR001F5,EQP,,,,,,,TS_2_1,,,,,WR00,501,WR001F5
WR001F6,EQP,,,,,,,TS_2_1,,,,,WR00,502,WR001F6
WR001F7,EQP,,,,,,,TS_2_1,,,,,WR00,503,WR001F7
WR001F8,EQP,,,,,,,TS_2_1,,,,,WR00,504,WR001F8
WR001F9,EQP,,,,,,,TS_2_1,,,,,WR00,505,WR001F9
WR001FA,EQP,,,,,,,TS_2_1,,,,,WR00,506,WR001FA
WR001FB,EQP,,,,,,,TS_2_1,,,,,WR00,507,WR001FB
WR001FC,EQP,,,,,,,TS_2_1,,,,,WR00,508,WR001FC
WR001FD,EQP,,,,,,,TS_2_1,,,,,WR00,509,WR001FD
WR001FE,EQP,,,,,,,TS_2_1,,,,,WR00,510,WR001FE
WR001FF,EQP,,,,,,,TS_2_1,,,,,WR00,511,WR001FF
WR00200,EQP,Interface Clock,Binary,,EQ,Interface_Clock,1,TS_2_2,,,,,WR00,512,WR00200
WR00201,EQP,,,,,,2,TS_2_2,,,,,WR00,513,WR00201
WR00202,EQP,,,,,,3,TS_2_2,,,,,WR00,514,WR00202
WR00203,EQP,EQP ON/OFFLine Mode Status ,Binary,,EQ,EQP_ON_OFFLine_Mode_Status,4,TS_2_2,,,,,WR00,515,WR00203
WR00204,EQP,,,,,,5,TS_2_2,,,,,WR00,516,WR00204
WR00205,EQP,Port Type Status ,Binary,,PORT1,Port_Type_Status,6,TS_2_2,,,,,WR00,517,WR00205
WR00206,EQP,Port Auto/Manual Mode Status ,Binary,,PORT1,Port_Auto_Manual_Mode_Status,7,TS_2_2,,,,,WR00,518,WR00206
WR00207,EQP,,,,,,8,TS_2_2,,,,,WR00,519,WR00207
WR00208,EQP,WIP Information-BCR ID#21,ASCII,,PORT1,WIP_Information_BCR_1,9,TS_2_2,,,,,WR00,520,WR00208
WR00209,EQP,WIP Information-BCR ID#22,ASCII,,PORT1,WIP_Information_BCR_2,10,TS_2_2,,,,,WR00,521,WR00209
WR0020A,EQP,WIP Information-BCR ID#23,ASCII,,PORT1,WIP_Information_BCR_3,11,TS_2_2,,,,,WR00,522,WR0020A
WR0020B,EQP,WIP Information-BCR ID#24,ASCII,,PORT1,WIP_Information_BCR_4,12,TS_2_2,,,,,WR00,523,WR0020B
WR0020C,EQP,WIP Information-BCR ID#25,ASCII,,PORT1,WIP_Information_BCR_5,13,TS_2_2,,,,,WR00,524,WR0020C
WR0020D,EQP,WIP Information-BCR ID#26,ASCII,,PORT1,WIP_Information_BCR_6,14,TS_2_2,,,,,WR00,525,WR0020D
WR0020E,EQP,WIP Information-BCR ID#27,ASCII,,PORT1,WIP_Information_BCR_7,15,TS_2_2,,,,,WR00,526,WR0020E
WR0020F,EQP,WIP Information-BCR ID#28,ASCII,,PORT1,WIP_Information_BCR_8,16,TS_2_2,,,,,WR00,527,WR0020F
WR00210,EQP,WIP Information-BCR ID#29,ASCII,,PORT1,WIP_Information_BCR_9,17,TS_2_2,,,,,WR00,528,WR00210
WR00211,EQP,WIP Information-BCR ID#30,ASCII,,PORT1,WIP_Information_BCR_10,18,TS_2_2,,,,,WR00,529,WR00211
WR00212,EQP,,,,,,19,TS_2_2,,,,,WR00,530,WR00212
WR00213,EQP,,,,,,20,TS_2_2,,,,,WR00,531,WR00213
WR00214,EQP,,,,,,21,TS_2_2,,,,,WR00,532,WR00214
WR00215,EQP,Port Type Status,Binary,,PORT2,Port_Type_Status,22,TS_2_2,,,,,WR00,533,WR00215
WR00216,EQP,Port Auto/Manual Mode Status ,Binary,,PORT2,Port_Auto_Manual_Mode_Status,23,TS_2_2,,,,,WR00,534,WR00216
WR00217,EQP,,,,,,24,TS_2_2,,,,,WR00,535,WR00217
WR00218,EQP,WIP Information-BCR ID#21,ASCII,,PORT2,WIP_Information_BCR_1,25,TS_2_2,,,,,WR00,536,WR00218
WR00219,EQP,WIP Information-BCR ID#22,ASCII,,PORT2,WIP_Information_BCR_2,26,TS_2_2,,,,,WR00,537,WR00219
WR0021A,EQP,WIP Information-BCR ID#23,ASCII,,PORT2,WIP_Information_BCR_3,27,TS_2_2,,,,,WR00,538,WR0021A
WR0021B,EQP,WIP Information-BCR ID#24,ASCII,,PORT2,WIP_Information_BCR_4,28,TS_2_2,,,,,WR00,539,WR0021B
WR0021C,EQP,WIP Information-BCR ID#25,ASCII,,PORT2,WIP_Information_BCR_5,29,TS_2_2,,,,,WR00,540,WR0021C
WR0021D,EQP,WIP Information-BCR ID#26,ASCII,,PORT2,WIP_Information_BCR_6,30,TS_2_2,,,,,WR00,541,WR0021D
WR0021E,EQP,WIP Information-BCR ID#27,ASCII,,PORT2,WIP_Information_BCR_7,31,TS_2_2,,,,,WR00,542,WR0021E
WR0021F,EQP,WIP Information-BCR ID#28,ASCII,,PORT2,WIP_Information_BCR_8,32,TS_2_2,,,,,WR00,543,WR0021F
WR00220,EQP,WIP Information-BCR ID#29,ASCII,,PORT2,WIP_Information_BCR_9,33,TS_2_2,,,,,WR00,544,WR00220
WR00221,EQP,WIP Information-BCR ID#30,ASCII,,PORT2,WIP_Information_BCR_10,34,TS_2_2,,,,,WR00,545,WR00221
WR00222,EQP,,,,,,35,TS_2_2,,,,,WR00,546,WR00222
WR00223,EQP,,,,,,36,TS_2_2,,,,,WR00,547,WR00223
WR00224,EQP,,,,,,37,TS_2_2,,,,,WR00,548,WR00224
WR00225,EQP,,,,,,38,TS_2_2,,,,,WR00,549,WR00225
WR00226,EQP,,,,,,39,TS_2_2,,,,,WR00,550,WR00226
WR00227,EQP,,,,,,40,TS_2_2,,,,,WR00,551,WR00227
WR00228,EQP,,,,,,41,TS_2_2,,,,,WR00,552,WR00228
WR00229,EQP,,,,,,42,TS_2_2,,,,,WR00,553,WR00229
WR0022A,EQP,Warning Report Index,Binary,,EQ,Warning_Report_Index,43,TS_2_2,,,,,WR00,554,WR0022A
WR0022B,EQP,Warning Code (1-18),Binary,,EQ,Warning_Code_1_16,44,TS_2_2,,,,,WR00,555,WR0022B
WR0022C,EQP,Warning Code (17-34),Binary,,EQ,Warning_Code_17_32,45,TS_2_2,,,,,WR00,556,WR0022C
WR0022D,EQP,Warning Code (33-50),Binary,,EQ,Warning_Code_33_48,46,TS_2_2,,,,,WR00,557,WR0022D
WR0022E,EQP,,,,,,47,TS_2_2,,,,,WR00,558,WR0022E
WR0022F,EQP,,,,,,48,TS_2_2,,,,,WR00,559,WR0022F
WR00230,EQP,,,,,,49,TS_2_2,,,,,WR00,560,WR00230
WR00231,EQP,Alarm Report Index,Binary,,EQ,Alarm_Report_Index,50,TS_2_2,,,,,WR00,561,WR00231
WR00232,EQP,Alarm Code (1-18),Binary,,EQ,Alarm_Code_1_16,51,TS_2_2,,,,,WR00,562,WR00232
WR00233,EQP,Alarm Code (17-34),Binary,,EQ,Alarm_Code_17_32,52,TS_2_2,,,,,WR00,563,WR00233
WR00234,EQP,Alarm Code (33-50),Binary,,EQ,Alarm_Code_33_48,53,TS_2_2,,,,,WR00,564,WR00234
WR00235,EQP,,,,,,,TS_2_2,,,,,WR00,565,WR00235
WR00236,EQP,,,,,,,TS_2_2,,,,,WR00,566,WR00236
WR00237,EQP,,,,,,,TS_2_2,,,,,WR00,567,WR00237
WR00238,EQP,,,,,,,TS_2_2,,,,,WR00,568,WR00238
WR00239,EQP,,,,,,,TS_2_2,,,,,WR00,569,WR00239
WR0023A,EQP,,,,,,,TS_2_2,,,,,WR00,570,WR0023A
WR0023B,EQP,,,,,,,TS_2_2,,,,,WR00,571,WR0023B
WR0023C,EQP,,,,,,,TS_2_2,,,,,WR00,572,WR0023C
WR0023D,EQP,,,,,,,TS_2_2,,,,,WR00,573,WR0023D
WR0023E,EQP,,,,,,,TS_2_2,,,,,WR00,574,WR0023E
WR0023F,EQP,,,,,,,TS_2_2,,,,,WR00,575,WR0023F
WR00240,EQP,,,,,,,TS_2_2,,,,,WR00,576,WR00240
WR00241,EQP,,,,,,,TS_2_2,,,,,WR00,577,WR00241
WR00242,EQP,,,,,,,TS_2_2,,,,,WR00,578,WR00242
WR00243,EQP,,,,,,,TS_2_2,,,,,WR00,579,WR00243
WR00244,EQP,,,,,,,TS_2_2,,,,,WR00,580,WR00244
WR00245,EQP,,,,,,,TS_2_2,,,,,WR00,581,WR00245
WR00246,EQP,,,,,,,TS_2_2,,,,,WR00,582,WR00246
WR00247,EQP,,,,,,,TS_2_2,,,,,WR00,583,WR00247
WR00248,EQP,,,,,,,TS_2_2,,,,,WR00,584,WR00248
WR00249,EQP,,,,,,,TS_2_2,,,,,WR00,585,WR00249
WR0024A,EQP,,,,,,,TS_2_2,,,,,WR00,586,WR0024A
WR0024B,EQP,,,,,,,TS_2_2,,,,,WR00,587,WR0024B
WR0024C,EQP,,,,,,,TS_2_2,,,,,WR00,588,WR0024C
WR0024D,EQP,,,,,,,TS_2_2,,,,,WR00,589,WR0024D
WR0024E,EQP,,,,,,,TS_2_2,,,,,WR00,590,WR0024E
WR0024F,EQP,,,,,,,TS_2_2,,,,,WR00,591,WR0024F
WR00250,EQP,,,,,,,TS_2_2,,,,,WR00,592,WR00250
WR00251,EQP,,,,,,,TS_2_2,,,,,WR00,593,WR00251
WR00252,EQP,,,,,,,TS_2_2,,,,,WR00,594,WR00252
WR00253,EQP,,,,,,,TS_2_2,,,,,WR00,595,WR00253
WR00254,EQP,,,,,,,TS_2_2,,,,,WR00,596,WR00254
WR00255,EQP,,,,,,,TS_2_2,,,,,WR00,597,WR00255
WR00256,EQP,,,,,,,TS_2_2,,,,,WR00,598,WR00256
WR00257,EQP,,,,,,,TS_2_2,,,,,WR00,599,WR00257
WR00258,EQP,,,,,,,TS_2_2,,,,,WR00,600,WR00258
WR00259,EQP,,,,,,,TS_2_2,,,,,WR00,601,WR00259
WR0025A,EQP,,,,,,,TS_2_2,,,,,WR00,602,WR0025A
WR0025B,EQP,,,,,,,TS_2_2,,,,,WR00,603,WR0025B
WR0025C,EQP,,,,,,,TS_2_2,,,,,WR00,604,WR0025C
WR0025D,EQP,,,,,,,TS_2_2,,,,,WR00,605,WR0025D
WR0025E,EQP,,,,,,,TS_2_2,,,,,WR00,606,WR0025E
WR0025F,EQP,,,,,,,TS_2_2,,,,,WR00,607,WR0025F
WR00260,EQP,,,,,,,TS_2_2,,,,,WR00,608,WR00260
WR00261,EQP,,,,,,,TS_2_2,,,,,WR00,609,WR00261
WR00262,EQP,,,,,,,TS_2_2,,,,,WR00,610,WR00262
WR00263,EQP,,,,,,,TS_2_2,,,,,WR00,611,WR00263
WR00264,EQP,,,,,,,TS_2_2,,,,,WR00,612,WR00264
WR00265,EQP,,,,,,,TS_2_2,,,,,WR00,613,WR00265
WR00266,EQP,,,,,,,TS_2_2,,,,,WR00,614,WR00266
WR00267,EQP,,,,,,,TS_2_2,,,,,WR00,615,WR00267
WR00268,EQP,,,,,,,TS_2_2,,,,,WR00,616,WR00268
WR00269,EQP,,,,,,,TS_2_2,,,,,WR00,617,WR00269
WR0026A,EQP,,,,,,,TS_2_2,,,,,WR00,618,WR0026A
WR0026B,EQP,,,,,,,TS_2_2,,,,,WR00,619,WR0026B
WR0026C,EQP,,,,,,,TS_2_2,,,,,WR00,620,WR0026C
WR0026D,EQP,,,,,,,TS_2_2,,,,,WR00,621,WR0026D
WR0026E,EQP,,,,,,,TS_2_2,,,,,WR00,622,WR0026E
WR0026F,EQP,,,,,,,TS_2_2,,,,,WR00,623,WR0026F
WR00270,EQP,,,,,,,TS_2_2,,,,,WR00,624,WR00270
WR00271,EQP,,,,,,,TS_2_2,,,,,WR00,625,WR00271
WR00272,EQP,,,,,,,TS_2_2,,,,,WR00,626,WR00272
WR00273,EQP,,,,,,,TS_2_2,,,,,WR00,627,WR00273
WR00274,EQP,,,,,,,TS_2_2,,,,,WR00,628,WR00274
WR00275,EQP,,,,,,,TS_2_2,,,,,WR00,629,WR00275
WR00276,EQP,,,,,,,TS_2_2,,,,,WR00,630,WR00276
WR00277,EQP,,,,,,,TS_2_2,,,,,WR00,631,WR00277
WR00278,EQP,,,,,,,TS_2_2,,,,,WR00,632,WR00278
WR00279,EQP,,,,,,,TS_2_2,,,,,WR00,633,WR00279
WR0027A,EQP,,,,,,,TS_2_2,,,,,WR00,634,WR0027A
WR0027B,EQP,,,,,,,TS_2_2,,,,,WR00,635,WR0027B
WR0027C,EQP,,,,,,,TS_2_2,,,,,WR00,636,WR0027C
WR0027D,EQP,,,,,,,TS_2_2,,,,,WR00,637,WR0027D
WR0027E,EQP,,,,,,,TS_2_2,,,,,WR00,638,WR0027E
WR0027F,EQP,,,,,,,TS_2_2,,,,,WR00,639,WR0027F
WR00280,EQP,,,,,,,TS_2_2,,,,,WR00,640,WR00280
WR00281,EQP,,,,,,,TS_2_2,,,,,WR00,641,WR00281
WR00282,EQP,,,,,,,TS_2_2,,,,,WR00,642,WR00282
WR00283,EQP,,,,,,,TS_2_2,,,,,WR00,643,WR00283
WR00284,EQP,,,,,,,TS_2_2,,,,,WR00,644,WR00284
WR00285,EQP,,,,,,,TS_2_2,,,,,WR00,645,WR00285
WR00286,EQP,,,,,,,TS_2_2,,,,,WR00,646,WR00286
WR00287,EQP,,,,,,,TS_2_2,,,,,WR00,647,WR00287
WR00288,EQP,,,,,,,TS_2_2,,,,,WR00,648,WR00288
WR00289,EQP,,,,,,,TS_2_2,,,,,WR00,649,WR00289
WR0028A,EQP,,,,,,,TS_2_2,,,,,WR00,650,WR0028A
WR0028B,EQP,,,,,,,TS_2_2,,,,,WR00,651,WR0028B
WR0028C,EQP,,,,,,,TS_2_2,,,,,WR00,652,WR0028C
WR0028D,EQP,,,,,,,TS_2_2,,,,,WR00,653,WR0028D
WR0028E,EQP,,,,,,,TS_2_2,,,,,WR00,654,WR0028E
WR0028F,EQP,,,,,,,TS_2_2,,,,,WR00,655,WR0028F
WR00290,EQP,,,,,,,TS_2_2,,,,,WR00,656,WR00290
WR00291,EQP,,,,,,,TS_2_2,,,,,WR00,657,WR00291
WR00292,EQP,,,,,,,TS_2_2,,,,,WR00,658,WR00292
WR00293,EQP,,,,,,,TS_2_2,,,,,WR00,659,WR00293
WR00294,EQP,,,,,,,TS_2_2,,,,,WR00,660,WR00294
WR00295,EQP,,,,,,,TS_2_2,,,,,WR00,661,WR00295
WR00296,EQP,,,,,,,TS_2_2,,,,,WR00,662,WR00296
WR00297,EQP,,,,,,,TS_2_2,,,,,WR00,663,WR00297
WR00298,EQP,,,,,,,TS_2_2,,,,,WR00,664,WR00298
WR00299,EQP,,,,,,,TS_2_2,,,,,WR00,665,WR00299
WR0029A,EQP,,,,,,,TS_2_2,,,,,WR00,666,WR0029A
WR0029B,EQP,,,,,,,TS_2_2,,,,,WR00,667,WR0029B
WR0029C,EQP,,,,,,,TS_2_2,,,,,WR00,668,WR0029C
WR0029D,EQP,,,,,,,TS_2_2,,,,,WR00,669,WR0029D
WR0029E,EQP,,,,,,,TS_2_2,,,,,WR00,670,WR0029E
WR0029F,EQP,,,,,,,TS_2_2,,,,,WR00,671,WR0029F
WR002A0,EQP,,,,,,,TS_2_2,,,,,WR00,672,WR002A0
WR002A1,EQP,,,,,,,TS_2_2,,,,,WR00,673,WR002A1
WR002A2,EQP,,,,,,,TS_2_2,,,,,WR00,674,WR002A2
WR002A3,EQP,,,,,,,TS_2_2,,,,,WR00,675,WR002A3
WR002A4,EQP,,,,,,,TS_2_2,,,,,WR00,676,WR002A4
WR002A5,EQP,,,,,,,TS_2_2,,,,,WR00,677,WR002A5
WR002A6,EQP,,,,,,,TS_2_2,,,,,WR00,678,WR002A6
WR002A7,EQP,,,,,,,TS_2_2,,,,,WR00,679,WR002A7
WR002A8,EQP,,,,,,,TS_2_2,,,,,WR00,680,WR002A8
WR002A9,EQP,,,,,,,TS_2_2,,,,,WR00,681,WR002A9
WR002AA,EQP,,,,,,,TS_2_2,,,,,WR00,682,WR002AA
WR002AB,EQP,,,,,,,TS_2_2,,,,,WR00,683,WR002AB
WR002AC,EQP,,,,,,,TS_2_2,,,,,WR00,684,WR002AC
WR002AD,EQP,,,,,,,TS_2_2,,,,,WR00,685,WR002AD
WR002AE,EQP,,,,,,,TS_2_2,,,,,WR00,686,WR002AE
WR002AF,EQP,,,,,,,TS_2_2,,,,,WR00,687,WR002AF
WR002B0,EQP,,,,,,,TS_2_2,,,,,WR00,688,WR002B0
WR002B1,EQP,,,,,,,TS_2_2,,,,,WR00,689,WR002B1
WR002B2,EQP,,,,,,,TS_2_2,,,,,WR00,690,WR002B2
WR002B3,EQP,,,,,,,TS_2_2,,,,,WR00,691,WR002B3
WR002B4,EQP,,,,,,,TS_2_2,,,,,WR00,692,WR002B4
WR002B5,EQP,,,,,,,TS_2_2,,,,,WR00,693,WR002B5
WR002B6,EQP,,,,,,,TS_2_2,,,,,WR00,694,WR002B6
WR002B7,EQP,,,,,,,TS_2_2,,,,,WR00,695,WR002B7
WR002B8,EQP,,,,,,,TS_2_2,,,,,WR00,696,WR002B8
WR002B9,EQP,,,,,,,TS_2_2,,,,,WR00,697,WR002B9
WR002BA,EQP,,,,,,,TS_2_2,,,,,WR00,698,WR002BA
WR002BB,EQP,,,,,,,TS_2_2,,,,,WR00,699,WR002BB
WR002BC,EQP,,,,,,,TS_2_2,,,,,WR00,700,WR002BC
WR002BD,EQP,,,,,,,TS_2_2,,,,,WR00,701,WR002BD
WR002BE,EQP,,,,,,,TS_2_2,,,,,WR00,702,WR002BE
WR002BF,EQP,,,,,,,TS_2_2,,,,,WR00,703,WR002BF
WR002C0,EQP,,,,,,,TS_2_2,,,,,WR00,704,WR002C0
WR002C1,EQP,,,,,,,TS_2_2,,,,,WR00,705,WR002C1
WR002C2,EQP,,,,,,,TS_2_2,,,,,WR00,706,WR002C2
WR002C3,EQP,,,,,,,TS_2_2,,,,,WR00,707,WR002C3
WR002C4,EQP,,,,,,,TS_2_2,,,,,WR00,708,WR002C4
WR002C5,EQP,,,,,,,TS_2_2,,,,,WR00,709,WR002C5
WR002C6,EQP,,,,,,,TS_2_2,,,,,WR00,710,WR002C6
WR002C7,EQP,,,,,,,TS_2_2,,,,,WR00,711,WR002C7
WR002C8,EQP,,,,,,,TS_2_2,,,,,WR00,712,WR002C8
WR002C9,EQP,,,,,,,TS_2_2,,,,,WR00,713,WR002C9
WR002CA,EQP,,,,,,,TS_2_2,,,,,WR00,714,WR002CA
WR002CB,EQP,,,,,,,TS_2_2,,,,,WR00,715,WR002CB
WR002CC,EQP,,,,,,,TS_2_2,,,,,WR00,716,WR002CC
WR002CD,EQP,,,,,,,TS_2_2,,,,,WR00,717,WR002CD
WR002CE,EQP,,,,,,,TS_2_2,,,,,WR00,718,WR002CE
WR002CF,EQP,,,,,,,TS_2_2,,,,,WR00,719,WR002CF
WR002D0,EQP,,,,,,,TS_2_2,,,,,WR00,720,WR002D0
WR002D1,EQP,,,,,,,TS_2_2,,,,,WR00,721,WR002D1
WR002D2,EQP,,,,,,,TS_2_2,,,,,WR00,722,WR002D2
WR002D3,EQP,,,,,,,TS_2_2,,,,,WR00,723,WR002D3
WR002D4,EQP,,,,,,,TS_2_2,,,,,WR00,724,WR002D4
WR002D5,EQP,,,,,,,TS_2_2,,,,,WR00,725,WR002D5
WR002D6,EQP,,,,,,,TS_2_2,,,,,WR00,726,WR002D6
WR002D7,EQP,,,,,,,TS_2_2,,,,,WR00,727,WR002D7
WR002D8,EQP,,,,,,,TS_2_2,,,,,WR00,728,WR002D8
WR002D9,EQP,,,,,,,TS_2_2,,,,,WR00,729,WR002D9
WR002DA,EQP,,,,,,,TS_2_2,,,,,WR00,730,WR002DA
WR002DB,EQP,,,,,,,TS_2_2,,,,,WR00,731,WR002DB
WR002DC,EQP,,,,,,,TS_2_2,,,,,WR00,732,WR002DC
WR002DD,EQP,,,,,,,TS_2_2,,,,,WR00,733,WR002DD
WR002DE,EQP,,,,,,,TS_2_2,,,,,WR00,734,WR002DE
WR002DF,EQP,,,,,,,TS_2_2,,,,,WR00,735,WR002DF
WR002E0,EQP,,,,,,,TS_2_2,,,,,WR00,736,WR002E0
WR002E1,EQP,,,,,,,TS_2_2,,,,,WR00,737,WR002E1
WR002E2,EQP,,,,,,,TS_2_2,,,,,WR00,738,WR002E2
WR002E3,EQP,,,,,,,TS_2_2,,,,,WR00,739,WR002E3
WR002E4,EQP,,,,,,,TS_2_2,,,,,WR00,740,WR002E4
WR002E5,EQP,,,,,,,TS_2_2,,,,,WR00,741,WR002E5
WR002E6,EQP,,,,,,,TS_2_2,,,,,WR00,742,WR002E6
WR002E7,EQP,,,,,,,TS_2_2,,,,,WR00,743,WR002E7
WR002E8,EQP,,,,,,,TS_2_2,,,,,WR00,744,WR002E8
WR002E9,EQP,,,,,,,TS_2_2,,,,,WR00,745,WR002E9
WR002EA,EQP,,,,,,,TS_2_2,,,,,WR00,746,WR002EA
WR002EB,EQP,,,,,,,TS_2_2,,,,,WR00,747,WR002EB
WR002EC,EQP,,,,,,,TS_2_2,,,,,WR00,748,WR002EC
WR002ED,EQP,,,,,,,TS_2_2,,,,,WR00,749,WR002ED
WR002EE,EQP,,,,,,,TS_2_2,,,,,WR00,750,WR002EE
WR002EF,EQP,,,,,,,TS_2_2,,,,,WR00,751,WR002EF
WR002F0,EQP,,,,,,,TS_2_2,,,,,WR00,752,WR002F0
WR002F1,EQP,,,,,,,TS_2_2,,,,,WR00,753,WR002F1
WR002F2,EQP,,,,,,,TS_2_2,,,,,WR00,754,WR002F2
WR002F3,EQP,,,,,,,TS_2_2,,,,,WR00,755,WR002F3
WR002F4,EQP,,,,,,,TS_2_2,,,,,WR00,756,WR002F4
WR002F5,EQP,,,,,,,TS_2_2,,,,,WR00,757,WR002F5
WR002F6,EQP,,,,,,,TS_2_2,,,,,WR00,758,WR002F6
WR002F7,EQP,,,,,,,TS_2_2,,,,,WR00,759,WR002F7
WR002F8,EQP,,,,,,,TS_2_2,,,,,WR00,760,WR002F8
WR002F9,EQP,,,,,,,TS_2_2,,,,,WR00,761,WR002F9
WR002FA,EQP,,,,,,,TS_2_2,,,,,WR00,762,WR002FA
WR002FB,EQP,,,,,,,TS_2_2,,,,,WR00,763,WR002FB
WR002FC,EQP,,,,,,,TS_2_2,,,,,WR00,764,WR002FC
WR002FD,EQP,,,,,,,TS_2_2,,,,,WR00,765,WR002FD
WR002FE,EQP,,,,,,,TS_2_2,,,,,WR00,766,WR002FE
WR002FF,EQP,,,,,,,TS_2_2,,,,,WR00,767,WR002FF
WR00300,EQP,Interface Clock,Binary,,EQ,Interface_Clock,1,TS_3,,,,,WR00,768,WR00300
WR00301,EQP,,,,,,2,TS_3,,,,,WR00,769,WR00301
WR00302,EQP,,,,,,3,TS_3,,,,,WR00,770,WR00302
WR00303,EQP,EQP ON/OFFLine Mode Status ,Binary,,EQ,EQP_ON_OFFLine_Mode_Status,4,TS_3,,,,,WR00,771,WR00303
WR00304,EQP,,,,,,5,TS_3,,,,,WR00,772,WR00304
WR00305,EQP,Port Type Status ,Binary,,PORT1,Port_Type_Status,6,TS_3,,,,,WR00,773,WR00305
WR00306,EQP,Port Auto/Manual Mode Status ,Binary,,PORT1,Port_Auto_Manual_Mode_Status,7,TS_3,,,,,WR00,774,WR00306
WR00307,EQP,,,,,,8,TS_3,,,,,WR00,775,WR00307
WR00308,EQP,WIP Information-BCR ID#31,ASCII,,PORT1,WIP_Information_BCR_1,9,TS_3,,,,,WR00,776,WR00308
WR00309,EQP,WIP Information-BCR ID#32,ASCII,,PORT1,WIP_Information_BCR_2,10,TS_3,,,,,WR00,777,WR00309
WR0030A,EQP,WIP Information-BCR ID#33,ASCII,,PORT1,WIP_Information_BCR_3,11,TS_3,,,,,WR00,778,WR0030A
WR0030B,EQP,WIP Information-BCR ID#34,ASCII,,PORT1,WIP_Information_BCR_4,12,TS_3,,,,,WR00,779,WR0030B
WR0030C,EQP,WIP Information-BCR ID#35,ASCII,,PORT1,WIP_Information_BCR_5,13,TS_3,,,,,WR00,780,WR0030C
WR0030D,EQP,WIP Information-BCR ID#36,ASCII,,PORT1,WIP_Information_BCR_6,14,TS_3,,,,,WR00,781,WR0030D
WR0030E,EQP,WIP Information-BCR ID#37,ASCII,,PORT1,WIP_Information_BCR_7,15,TS_3,,,,,WR00,782,WR0030E
WR0030F,EQP,WIP Information-BCR ID#38,ASCII,,PORT1,WIP_Information_BCR_8,16,TS_3,,,,,WR00,783,WR0030F
WR00310,EQP,WIP Information-BCR ID#39,ASCII,,PORT1,WIP_Information_BCR_9,17,TS_3,,,,,WR00,784,WR00310
WR00311,EQP,WIP Information-BCR ID#40,ASCII,,PORT1,WIP_Information_BCR_10,18,TS_3,,,,,WR00,785,WR00311
WR00312,EQP,,,,,,19,TS_3,,,,,WR00,786,WR00312
WR00313,EQP,,,,,,20,TS_3,,,,,WR00,787,WR00313
WR00314,EQP,,,,,,21,TS_3,,,,,WR00,788,WR00314
WR00315,EQP,Port Type Status,Binary,,PORT2,Port_Type_Status,22,TS_3,,,,,WR00,789,WR00315
WR00316,EQP,Port Auto/Manual Mode Status ,Binary,,PORT2,Port_Auto_Manual_Mode_Status,23,TS_3,,,,,WR00,790,WR00316
WR00317,EQP,,,,,,24,TS_3,,,,,WR00,791,WR00317
WR00318,EQP,WIP Information-BCR ID#31,ASCII,,PORT2,WIP_Information_BCR_1,25,TS_3,,,,,WR00,792,WR00318
WR00319,EQP,WIP Information-BCR ID#32,ASCII,,PORT2,WIP_Information_BCR_2,26,TS_3,,,,,WR00,793,WR00319
WR0031A,EQP,WIP Information-BCR ID#33,ASCII,,PORT2,WIP_Information_BCR_3,27,TS_3,,,,,WR00,794,WR0031A
WR0031B,EQP,WIP Information-BCR ID#34,ASCII,,PORT2,WIP_Information_BCR_4,28,TS_3,,,,,WR00,795,WR0031B
WR0031C,EQP,WIP Information-BCR ID#35,ASCII,,PORT2,WIP_Information_BCR_5,29,TS_3,,,,,WR00,796,WR0031C
WR0031D,EQP,WIP Information-BCR ID#36,ASCII,,PORT2,WIP_Information_BCR_6,30,TS_3,,,,,WR00,797,WR0031D
WR0031E,EQP,WIP Information-BCR ID#37,ASCII,,PORT2,WIP_Information_BCR_7,31,TS_3,,,,,WR00,798,WR0031E
WR0031F,EQP,WIP Information-BCR ID#38,ASCII,,PORT2,WIP_Information_BCR_8,32,TS_3,,,,,WR00,799,WR0031F
WR00320,EQP,WIP Information-BCR ID#39,ASCII,,PORT2,WIP_Information_BCR_9,33,TS_3,,,,,WR00,800,WR00320
WR00321,EQP,WIP Information-BCR ID#40,ASCII,,PORT2,WIP_Information_BCR_10,34,TS_3,,,,,WR00,801,WR00321
WR00322,EQP,,,,,,35,TS_3,,,,,WR00,802,WR00322
WR00323,EQP,,,,,,36,TS_3,,,,,WR00,803,WR00323
WR00324,EQP,,,,,,37,TS_3,,,,,WR00,804,WR00324
WR00325,EQP,,,,,,38,TS_3,,,,,WR00,805,WR00325
WR00326,EQP,,,,,,39,TS_3,,,,,WR00,806,WR00326
WR00327,EQP,,,,,,40,TS_3,,,,,WR00,807,WR00327
WR00328,EQP,,,,,,41,TS_3,,,,,WR00,808,WR00328
WR00329,EQP,,,,,,42,TS_3,,,,,WR00,809,WR00329
WR0032A,EQP,Warning Report Index,Binary,,EQ,Warning_Report_Index,43,TS_3,,,,,WR00,810,WR0032A
WR0032B,EQP,Warning Code (1-19),Binary,,EQ,Warning_Code_1_16,44,TS_3,,,,,WR00,811,WR0032B
WR0032C,EQP,Warning Code (17-35),Binary,,EQ,Warning_Code_17_32,45,TS_3,,,,,WR00,812,WR0032C
WR0032D,EQP,Warning Code (33-51),Binary,,EQ,Warning_Code_33_48,46,TS_3,,,,,WR00,813,WR0032D
WR0032E,EQP,,,,,,47,TS_3,,,,,WR00,814,WR0032E
WR0032F,EQP,,,,,,48,TS_3,,,,,WR00,815,WR0032F
WR00330,EQP,,,,,,49,TS_3,,,,,WR00,816,WR00330
WR00331,EQP,Alarm Report Index,Binary,,EQ,Alarm_Report_Index,50,TS_3,,,,,WR00,817,WR00331
WR00332,EQP,Alarm Code (1-19),Binary,,EQ,Alarm_Code_1_16,51,TS_3,,,,,WR00,818,WR00332
WR00333,EQP,Alarm Code (17-35),Binary,,EQ,Alarm_Code_17_32,52,TS_3,,,,,WR00,819,WR00333
WR00334,EQP,Alarm Code (33-51),Binary,,EQ,Alarm_Code_33_48,53,TS_3,,,,,WR00,820,WR00334
WR00335,EQP,,,,,,,TS_3,,,,,WR00,821,WR00335
WR00336,EQP,,,,,,,TS_3,,,,,WR00,822,WR00336
WR00337,EQP,,,,,,,TS_3,,,,,WR00,823,WR00337
WR00338,EQP,,,,,,,TS_3,,,,,WR00,824,WR00338
WR00339,EQP,,,,,,,TS_3,,,,,WR00,825,WR00339
WR0033A,EQP,,,,,,,TS_3,,,,,WR00,826,WR0033A
WR0033B,EQP,,,,,,,TS_3,,,,,WR00,827,WR0033B
WR0033C,EQP,,,,,,,TS_3,,,,,WR00,828,WR0033C
WR0033D,EQP,,,,,,,TS_3,,,,,WR00,829,WR0033D
WR0033E,EQP,,,,,,,TS_3,,,,,WR00,830,WR0033E
WR0033F,EQP,,,,,,,TS_3,,,,,WR00,831,WR0033F
WR00340,EQP,,,,,,,TS_3,,,,,WR00,832,WR00340
WR00341,EQP,,,,,,,TS_3,,,,,WR00,833,WR00341
WR00342,EQP,,,,,,,TS_3,,,,,WR00,834,WR00342
WR00343,EQP,,,,,,,TS_3,,,,,WR00,835,WR00343
WR00344,EQP,,,,,,,TS_3,,,,,WR00,836,WR00344
WR00345,EQP,,,,,,,TS_3,,,,,WR00,837,WR00345
WR00346,EQP,,,,,,,TS_3,,,,,WR00,838,WR00346
WR00347,EQP,,,,,,,TS_3,,,,,WR00,839,WR00347
WR00348,EQP,,,,,,,TS_3,,,,,WR00,840,WR00348
WR00349,EQP,,,,,,,TS_3,,,,,WR00,841,WR00349
WR0034A,EQP,,,,,,,TS_3,,,,,WR00,842,WR0034A
WR0034B,EQP,,,,,,,TS_3,,,,,WR00,843,WR0034B
WR0034C,EQP,,,,,,,TS_3,,,,,WR00,844,WR0034C
WR0034D,EQP,,,,,,,TS_3,,,,,WR00,845,WR0034D
WR0034E,EQP,,,,,,,TS_3,,,,,WR00,846,WR0034E
WR0034F,EQP,,,,,,,TS_3,,,,,WR00,847,WR0034F
WR00350,EQP,,,,,,,TS_3,,,,,WR00,848,WR00350
WR00351,EQP,,,,,,,TS_3,,,,,WR00,849,WR00351
WR00352,EQP,,,,,,,TS_3,,,,,WR00,850,WR00352
WR00353,EQP,,,,,,,TS_3,,,,,WR00,851,WR00353
WR00354,EQP,,,,,,,TS_3,,,,,WR00,852,WR00354
WR00355,EQP,,,,,,,TS_3,,,,,WR00,853,WR00355
WR00356,EQP,,,,,,,TS_3,,,,,WR00,854,WR00356
WR00357,EQP,,,,,,,TS_3,,,,,WR00,855,WR00357
WR00358,EQP,,,,,,,TS_3,,,,,WR00,856,WR00358
WR00359,EQP,,,,,,,TS_3,,,,,WR00,857,WR00359
WR0035A,EQP,,,,,,,TS_3,,,,,WR00,858,WR0035A
WR0035B,EQP,,,,,,,TS_3,,,,,WR00,859,WR0035B
WR0035C,EQP,,,,,,,TS_3,,,,,WR00,860,WR0035C
WR0035D,EQP,,,,,,,TS_3,,,,,WR00,861,WR0035D
WR0035E,EQP,,,,,,,TS_3,,,,,WR00,862,WR0035E
WR0035F,EQP,,,,,,,TS_3,,,,,WR00,863,WR0035F
WR00360,EQP,,,,,,,TS_3,,,,,WR00,864,WR00360
WR00361,EQP,,,,,,,TS_3,,,,,WR00,865,WR00361
WR00362,EQP,,,,,,,TS_3,,,,,WR00,866,WR00362
WR00363,EQP,,,,,,,TS_3,,,,,WR00,867,WR00363
WR00364,EQP,,,,,,,TS_3,,,,,WR00,868,WR00364
WR00365,EQP,,,,,,,TS_3,,,,,WR00,869,WR00365
WR00366,EQP,,,,,,,TS_3,,,,,WR00,870,WR00366
WR00367,EQP,,,,,,,TS_3,,,,,WR00,871,WR00367
WR00368,EQP,,,,,,,TS_3,,,,,WR00,872,WR00368
WR00369,EQP,,,,,,,TS_3,,,,,WR00,873,WR00369
WR0036A,EQP,,,,,,,TS_3,,,,,WR00,874,WR0036A
WR0036B,EQP,,,,,,,TS_3,,,,,WR00,875,WR0036B
WR0036C,EQP,,,,,,,TS_3,,,,,WR00,876,WR0036C
WR0036D,EQP,,,,,,,TS_3,,,,,WR00,877,WR0036D
WR0036E,EQP,,,,,,,TS_3,,,,,WR00,878,WR0036E
WR0036F,EQP,,,,,,,TS_3,,,,,WR00,879,WR0036F
WR00370,EQP,,,,,,,TS_3,,,,,WR00,880,WR00370
WR00371,EQP,,,,,,,TS_3,,,,,WR00,881,WR00371
WR00372,EQP,,,,,,,TS_3,,,,,WR00,882,WR00372
WR00373,EQP,,,,,,,TS_3,,,,,WR00,883,WR00373
WR00374,EQP,,,,,,,TS_3,,,,,WR00,884,WR00374
WR00375,EQP,,,,,,,TS_3,,,,,WR00,885,WR00375
WR00376,EQP,,,,,,,TS_3,,,,,WR00,886,WR00376
WR00377,EQP,,,,,,,TS_3,,,,,WR00,887,WR00377
WR00378,EQP,,,,,,,TS_3,,,,,WR00,888,WR00378
WR00379,EQP,,,,,,,TS_3,,,,,WR00,889,WR00379
WR0037A,EQP,,,,,,,TS_3,,,,,WR00,890,WR0037A
WR0037B,EQP,,,,,,,TS_3,,,,,WR00,891,WR0037B
WR0037C,EQP,,,,,,,TS_3,,,,,WR00,892,WR0037C
WR0037D,EQP,,,,,,,TS_3,,,,,WR00,893,WR0037D
WR0037E,EQP,,,,,,,TS_3,,,,,WR00,894,WR0037E
WR0037F,EQP,,,,,,,TS_3,,,,,WR00,895,WR0037F
WR00380,EQP,,,,,,,TS_3,,,,,WR00,896,WR00380
WR00381,EQP,,,,,,,TS_3,,,,,WR00,897,WR00381
WR00382,EQP,,,,,,,TS_3,,,,,WR00,898,WR00382
WR00383,EQP,,,,,,,TS_3,,,,,WR00,899,WR00383
WR00384,EQP,,,,,,,TS_3,,,,,WR00,900,WR00384
WR00385,EQP,,,,,,,TS_3,,,,,WR00,901,WR00385
WR00386,EQP,,,,,,,TS_3,,,,,WR00,902,WR00386
WR00387,EQP,,,,,,,TS_3,,,,,WR00,903,WR00387
WR00388,EQP,,,,,,,TS_3,,,,,WR00,904,WR00388
WR00389,EQP,,,,,,,TS_3,,,,,WR00,905,WR00389
WR0038A,EQP,,,,,,,TS_3,,,,,WR00,906,WR0038A
WR0038B,EQP,,,,,,,TS_3,,,,,WR00,907,WR0038B
WR0038C,EQP,,,,,,,TS_3,,,,,WR00,908,WR0038C
WR0038D,EQP,,,,,,,TS_3,,,,,WR00,909,WR0038D
WR0038E,EQP,,,,,,,TS_3,,,,,WR00,910,WR0038E
WR0038F,EQP,,,,,,,TS_3,,,,,WR00,911,WR0038F
WR00390,EQP,,,,,,,TS_3,,,,,WR00,912,WR00390
WR00391,EQP,,,,,,,TS_3,,,,,WR00,913,WR00391
WR00392,EQP,,,,,,,TS_3,,,,,WR00,914,WR00392
WR00393,EQP,,,,,,,TS_3,,,,,WR00,915,WR00393
WR00394,EQP,,,,,,,TS_3,,,,,WR00,916,WR00394
WR00395,EQP,,,,,,,TS_3,,,,,WR00,917,WR00395
WR00396,EQP,,,,,,,TS_3,,,,,WR00,918,WR00396
WR00397,EQP,,,,,,,TS_3,,,,,WR00,919,WR00397
WR00398,EQP,,,,,,,TS_3,,,,,WR00,920,WR00398
WR00399,EQP,,,,,,,TS_3,,,,,WR00,921,WR00399
WR0039A,EQP,,,,,,,TS_3,,,,,WR00,922,WR0039A
WR0039B,EQP,,,,,,,TS_3,,,,,WR00,923,WR0039B
WR0039C,EQP,,,,,,,TS_3,,,,,WR00,924,WR0039C
WR0039D,EQP,,,,,,,TS_3,,,,,WR00,925,WR0039D
WR0039E,EQP,,,,,,,TS_3,,,,,WR00,926,WR0039E
WR0039F,EQP,,,,,,,TS_3,,,,,WR00,927,WR0039F
WR003A0,EQP,,,,,,,TS_3,,,,,WR00,928,WR003A0
WR003A1,EQP,,,,,,,TS_3,,,,,WR00,929,WR003A1
WR003A2,EQP,,,,,,,TS_3,,,,,WR00,930,WR003A2
WR003A3,EQP,,,,,,,TS_3,,,,,WR00,931,WR003A3
WR003A4,EQP,,,,,,,TS_3,,,,,WR00,932,WR003A4
WR003A5,EQP,,,,,,,TS_3,,,,,WR00,933,WR003A5
WR003A6,EQP,,,,,,,TS_3,,,,,WR00,934,WR003A6
WR003A7,EQP,,,,,,,TS_3,,,,,WR00,935,WR003A7
WR003A8,EQP,,,,,,,TS_3,,,,,WR00,936,WR003A8
WR003A9,EQP,,,,,,,TS_3,,,,,WR00,937,WR003A9
WR003AA,EQP,,,,,,,TS_3,,,,,WR00,938,WR003AA
WR003AB,EQP,,,,,,,TS_3,,,,,WR00,939,WR003AB
WR003AC,EQP,,,,,,,TS_3,,,,,WR00,940,WR003AC
WR003AD,EQP,,,,,,,TS_3,,,,,WR00,941,WR003AD
WR003AE,EQP,,,,,,,TS_3,,,,,WR00,942,WR003AE
WR003AF,EQP,,,,,,,TS_3,,,,,WR00,943,WR003AF
WR003B0,EQP,,,,,,,TS_3,,,,,WR00,944,WR003B0
WR003B1,EQP,,,,,,,TS_3,,,,,WR00,945,WR003B1
WR003B2,EQP,,,,,,,TS_3,,,,,WR00,946,WR003B2
WR003B3,EQP,,,,,,,TS_3,,,,,WR00,947,WR003B3
WR003B4,EQP,,,,,,,TS_3,,,,,WR00,948,WR003B4
WR003B5,EQP,,,,,,,TS_3,,,,,WR00,949,WR003B5
WR003B6,EQP,,,,,,,TS_3,,,,,WR00,950,WR003B6
WR003B7,EQP,,,,,,,TS_3,,,,,WR00,951,WR003B7
WR003B8,EQP,,,,,,,TS_3,,,,,WR00,952,WR003B8
WR003B9,EQP,,,,,,,TS_3,,,,,WR00,953,WR003B9
WR003BA,EQP,,,,,,,TS_3,,,,,WR00,954,WR003BA
WR003BB,EQP,,,,,,,TS_3,,,,,WR00,955,WR003BB
WR003BC,EQP,,,,,,,TS_3,,,,,WR00,956,WR003BC
WR003BD,EQP,,,,,,,TS_3,,,,,WR00,957,WR003BD
WR003BE,EQP,,,,,,,TS_3,,,,,WR00,958,WR003BE
WR003BF,EQP,,,,,,,TS_3,,,,,WR00,959,WR003BF
WR003C0,EQP,,,,,,,TS_3,,,,,WR00,960,WR003C0
WR003C1,EQP,,,,,,,TS_3,,,,,WR00,961,WR003C1
WR003C2,EQP,,,,,,,TS_3,,,,,WR00,962,WR003C2
WR003C3,EQP,,,,,,,TS_3,,,,,WR00,963,WR003C3
WR003C4,EQP,,,,,,,TS_3,,,,,WR00,964,WR003C4
WR003C5,EQP,,,,,,,TS_3,,,,,WR00,965,WR003C5
WR003C6,EQP,,,,,,,TS_3,,,,,WR00,966,WR003C6
WR003C7,EQP,,,,,,,TS_3,,,,,WR00,967,WR003C7
WR003C8,EQP,,,,,,,TS_3,,,,,WR00,968,WR003C8
WR003C9,EQP,,,,,,,TS_3,,,,,WR00,969,WR003C9
WR003CA,EQP,,,,,,,TS_3,,,,,WR00,970,WR003CA
WR003CB,EQP,,,,,,,TS_3,,,,,WR00,971,WR003CB
WR003CC,EQP,,,,,,,TS_3,,,,,WR00,972,WR003CC
WR003CD,EQP,,,,,,,TS_3,,,,,WR00,973,WR003CD
WR003CE,EQP,,,,,,,TS_3,,,,,WR00,974,WR003CE
WR003CF,EQP,,,,,,,TS_3,,,,,WR00,975,WR003CF
WR003D0,EQP,,,,,,,TS_3,,,,,WR00,976,WR003D0
WR003D1,EQP,,,,,,,TS_3,,,,,WR00,977,WR003D1
WR003D2,EQP,,,,,,,TS_3,,,,,WR00,978,WR003D2
WR003D3,EQP,,,,,,,TS_3,,,,,WR00,979,WR003D3
WR003D4,EQP,,,,,,,TS_3,,,,,WR00,980,WR003D4
WR003D5,EQP,,,,,,,TS_3,,,,,WR00,981,WR003D5
WR003D6,EQP,,,,,,,TS_3,,,,,WR00,982,WR003D6
WR003D7,EQP,,,,,,,TS_3,,,,,WR00,983,WR003D7
WR003D8,EQP,,,,,,,TS_3,,,,,WR00,984,WR003D8
WR003D9,EQP,,,,,,,TS_3,,,,,WR00,985,WR003D9
WR003DA,EQP,,,,,,,TS_3,,,,,WR00,986,WR003DA
WR003DB,EQP,,,,,,,TS_3,,,,,WR00,987,WR003DB
WR003DC,EQP,,,,,,,TS_3,,,,,WR00,988,WR003DC
WR003DD,EQP,,,,,,,TS_3,,,,,WR00,989,WR003DD
WR003DE,EQP,,,,,,,TS_3,,,,,WR00,990,WR003DE
WR003DF,EQP,,,,,,,TS_3,,,,,WR00,991,WR003DF
WR003E0,EQP,,,,,,,TS_3,,,,,WR00,992,WR003E0
WR003E1,EQP,,,,,,,TS_3,,,,,WR00,993,WR003E1
WR003E2,EQP,,,,,,,TS_3,,,,,WR00,994,WR003E2
WR003E3,EQP,,,,,,,TS_3,,,,,WR00,995,WR003E3
WR003E4,EQP,,,,,,,TS_3,,,,,WR00,996,WR003E4
WR003E5,EQP,,,,,,,TS_3,,,,,WR00,997,WR003E5
WR003E6,EQP,,,,,,,TS_3,,,,,WR00,998,WR003E6
WR003E7,EQP,,,,,,,TS_3,,,,,WR00,999,WR003E7
WR003E8,EQP,,,,,,,TS_3,,,,,WR00,1000,WR003E8
WR003E9,EQP,,,,,,,TS_3,,,,,WR00,1001,WR003E9
WR003EA,EQP,,,,,,,TS_3,,,,,WR00,1002,WR003EA
WR003EB,EQP,,,,,,,TS_3,,,,,WR00,1003,WR003EB
WR003EC,EQP,,,,,,,TS_3,,,,,WR00,1004,WR003EC
WR003ED,EQP,,,,,,,TS_3,,,,,WR00,1005,WR003ED
WR003EE,EQP,,,,,,,TS_3,,,,,WR00,1006,WR003EE
WR003EF,EQP,,,,,,,TS_3,,,,,WR00,1007,WR003EF
WR003F0,EQP,,,,,,,TS_3,,,,,WR00,1008,WR003F0
WR003F1,EQP,,,,,,,TS_3,,,,,WR00,1009,WR003F1
WR003F2,EQP,,,,,,,TS_3,,,,,WR00,1010,WR003F2
WR003F3,EQP,,,,,,,TS_3,,,,,WR00,1011,WR003F3
WR003F4,EQP,,,,,,,TS_3,,,,,WR00,1012,WR003F4
WR003F5,EQP,,,,,,,TS_3,,,,,WR00,1013,WR003F5
WR003F6,EQP,,,,,,,TS_3,,,,,WR00,1014,WR003F6
WR003F7,EQP,,,,,,,TS_3,,,,,WR00,1015,WR003F7
WR003F8,EQP,,,,,,,TS_3,,,,,WR00,1016,WR003F8
WR003F9,EQP,,,,,,,TS_3,,,,,WR00,1017,WR003F9
WR003FA,EQP,,,,,,,TS_3,,,,,WR00,1018,WR003FA
WR003FB,EQP,,,,,,,TS_3,,,,,WR00,1019,WR003FB
WR003FC,EQP,,,,,,,TS_3,,,,,WR00,1020,WR003FC
WR003FD,EQP,,,,,,,TS_3,,,,,WR00,1021,WR003FD
WR003FE,EQP,,,,,,,TS_3,,,,,WR00,1022,WR003FE
WR003FF,EQP,,,,,,,TS_3,,,,,WR00,1023,WR003FF
